hz,threaded,interpolated,frame,time_s,shown_x,live_x
60,false,false,0,0.000000000,-3.000000000,-3.000000000
60,false,false,1,0.016666667,-2.950000048,-2.950000048
60,false,false,2,0.033333334,-2.900000095,-2.900000095
60,false,false,3,0.050000001,-2.850000143,-2.850000143
60,false,false,4,0.066666668,-2.800000191,-2.800000191
60,false,false,5,0.083333335,-2.750000238,-2.750000238
60,false,false,6,0.100000002,-2.700000286,-2.700000286
60,false,false,7,0.116666669,-2.650000334,-2.650000334
60,false,false,8,0.133333336,-2.600000381,-2.600000381
60,false,false,9,0.150000003,-2.550000429,-2.550000429
60,false,false,10,0.166666670,-2.500000477,-2.500000477
60,false,false,11,0.183333337,-2.450000525,-2.450000525
60,false,false,12,0.200000004,-2.400000572,-2.400000572
60,false,false,13,0.216666671,-2.350000620,-2.350000620
60,false,false,14,0.233333338,-2.300000668,-2.300000668
60,false,false,15,0.250000005,-2.250000715,-2.250000715
60,false,false,16,0.266666672,-2.200000763,-2.200000763
60,false,false,17,0.283333339,-2.150000811,-2.150000811
60,false,false,18,0.300000006,-2.100000858,-2.100000858
60,false,false,19,0.316666673,-2.050000906,-2.050000906
60,false,false,20,0.333333340,-2.000000954,-2.000000954
60,false,false,21,0.350000007,-1.950001001,-1.950001001
60,false,false,22,0.366666674,-1.900001049,-1.900001049
60,false,false,23,0.383333341,-1.850001097,-1.850001097
60,false,false,24,0.400000008,-1.800001144,-1.800001144
60,false,false,25,0.416666675,-1.750001192,-1.750001192
60,false,false,26,0.433333342,-1.700001240,-1.700001240
60,false,false,27,0.450000009,-1.650001287,-1.650001287
60,false,false,28,0.466666676,-1.600001335,-1.600001335
60,false,false,29,0.483333343,-1.550001383,-1.550001383
60,false,false,30,0.500000010,-1.500001431,-1.500001431
60,false,false,31,0.516666677,-1.450001478,-1.450001478
60,false,false,32,0.533333344,-1.400001526,-1.400001526
60,false,false,33,0.550000011,-1.350001574,-1.350001574
60,false,false,34,0.566666678,-1.300001621,-1.300001621
60,false,false,35,0.583333345,-1.250001669,-1.250001669
60,false,false,36,0.600000012,-1.200001717,-1.200001717
60,false,false,37,0.616666679,-1.150001764,-1.150001764
60,false,false,38,0.633333346,-1.100001812,-1.100001812
60,false,false,39,0.650000013,-1.050001860,-1.050001860
60,false,false,40,0.666666680,-1.000001907,-1.000001907
60,false,false,41,0.683333347,-0.950001895,-0.950001895
60,false,false,42,0.700000014,-0.900001884,-0.900001884
60,false,false,43,0.716666681,-0.850001872,-0.850001872
60,false,false,44,0.733333348,-0.800001860,-0.800001860
60,false,false,45,0.750000015,-0.750001848,-0.750001848
60,false,false,46,0.766666682,-0.700001836,-0.700001836
60,false,false,47,0.783333349,-0.650001824,-0.650001824
60,false,false,48,0.800000016,-0.600001812,-0.600001812
60,false,false,49,0.816666683,-0.550001800,-0.550001800
60,false,false,50,0.833333350,-0.500001788,-0.500001788
60,false,false,51,0.850000017,-0.450001776,-0.450001776
60,false,false,52,0.866666684,-0.400001764,-0.400001764
60,false,false,53,0.883333351,-0.350001752,-0.350001752
60,false,false,54,0.900000018,-0.300001740,-0.300001740
60,false,false,55,0.916666685,-0.250001729,-0.250001729
60,false,false,56,0.933333352,-0.200001717,-0.200001717
60,false,false,57,0.950000019,-0.150001705,-0.150001705
60,false,false,58,0.966666686,-0.100001700,-0.100001700
60,false,false,59,0.983333353,-0.050001696,-0.050001696
60,false,false,60,1.000000020,-0.000001691,-0.000001691
60,false,false,61,1.016666687,0.049998313,0.049998313
60,false,false,62,1.033333354,0.099998318,0.099998318
60,false,false,63,1.050000021,0.149998322,0.149998322
60,false,false,64,1.066666688,0.199998319,0.199998319
60,false,false,65,1.083333355,0.249998331,0.249998331
60,false,false,66,1.100000022,0.299998343,0.299998343
60,false,false,67,1.116666689,0.349998355,0.349998355
60,false,false,68,1.133333356,0.399998367,0.399998367
60,false,false,69,1.150000023,0.449998379,0.449998379
60,false,false,70,1.166666690,0.499998391,0.499998391
60,false,false,71,1.183333357,0.549998403,0.549998403
60,false,false,72,1.200000024,0.599998415,0.599998415
60,false,false,73,1.216666691,0.649998426,0.649998426
60,false,false,74,1.233333358,0.699998438,0.699998438
60,false,false,75,1.250000025,0.749998450,0.749998450
60,false,false,76,1.266666692,0.799998462,0.799998462
60,false,false,77,1.283333359,0.849998474,0.849998474
60,false,false,78,1.300000026,0.899998486,0.899998486
60,false,false,79,1.316666693,0.949998498,0.949998498
60,false,false,80,1.333333360,0.999998510,0.999998510
60,false,false,81,1.350000027,1.049998522,1.049998522
60,false,false,82,1.366666694,1.099998474,1.099998474
60,false,false,83,1.383333361,1.149998426,1.149998426
60,false,false,84,1.400000028,1.199998379,1.199998379
60,false,false,85,1.416666695,1.249998331,1.249998331
60,false,false,86,1.433333362,1.299998283,1.299998283
60,false,false,87,1.450000029,1.349998236,1.349998236
60,false,false,88,1.466666696,1.399998188,1.399998188
60,false,false,89,1.483333363,1.449998140,1.449998140
60,false,false,90,1.500000030,1.499998093,1.499998093
60,false,false,91,1.516666697,1.549998045,1.549998045
60,false,false,92,1.533333364,1.599997997,1.599997997
60,false,false,93,1.550000031,1.649997950,1.649997950
60,false,false,94,1.566666698,1.699997902,1.699997902
60,false,false,95,1.583333365,1.749997854,1.749997854
60,false,false,96,1.600000032,1.799997807,1.799997807
60,false,false,97,1.616666699,1.849997759,1.849997759
60,false,false,98,1.633333366,1.899997711,1.899997711
60,false,false,99,1.650000033,1.949997663,1.949997663
60,false,false,100,1.666666700,1.999997616,1.999997616
60,false,false,101,1.683333367,2.049997568,2.049997568
60,false,false,102,1.700000034,2.099997520,2.099997520
60,false,false,103,1.716666701,2.149997473,2.149997473
60,false,false,104,1.733333368,2.199997425,2.199997425
60,false,false,105,1.750000035,2.249997377,2.249997377
60,false,false,106,1.766666702,2.299997330,2.299997330
60,false,false,107,1.783333369,2.349997282,2.349997282
60,false,false,108,1.800000036,2.399997234,2.399997234
60,false,false,109,1.816666703,2.449997187,2.449997187
60,false,false,110,1.833333370,2.499997139,2.499997139
60,false,false,111,1.850000037,2.549997091,2.549997091
60,false,false,112,1.866666704,2.599997044,2.599997044
60,false,false,113,1.883333371,2.649996996,2.649996996
60,false,false,114,1.900000038,2.699996948,2.699996948
60,false,false,115,1.916666705,2.749996901,2.749996901
60,false,false,116,1.933333372,2.799996853,2.799996853
60,false,false,117,1.950000039,2.849996805,2.849996805
60,false,false,118,1.966666706,2.899996758,2.899996758
60,false,false,119,1.983333373,2.949996710,2.949996710
60,false,true,0,0.000000000,-3.000000000,-3.000000000
60,false,true,1,0.016666667,-3.000000000,-2.950000048
60,false,true,2,0.033333334,-2.950000048,-2.900000095
60,false,true,3,0.050000001,-2.900000095,-2.850000143
60,false,true,4,0.066666668,-2.850000143,-2.800000191
60,false,true,5,0.083333335,-2.800000191,-2.750000238
60,false,true,6,0.100000002,-2.750000238,-2.700000286
60,false,true,7,0.116666669,-2.700000286,-2.650000334
60,false,true,8,0.133333336,-2.650000334,-2.600000381
60,false,true,9,0.150000003,-2.600000381,-2.550000429
60,false,true,10,0.166666670,-2.550000429,-2.500000477
60,false,true,11,0.183333337,-2.500000477,-2.450000525
60,false,true,12,0.200000004,-2.450000525,-2.400000572
60,false,true,13,0.216666671,-2.400000572,-2.350000620
60,false,true,14,0.233333338,-2.350000620,-2.300000668
60,false,true,15,0.250000005,-2.300000668,-2.250000715
60,false,true,16,0.266666672,-2.250000715,-2.200000763
60,false,true,17,0.283333339,-2.200000763,-2.150000811
60,false,true,18,0.300000006,-2.150000811,-2.100000858
60,false,true,19,0.316666673,-2.100000858,-2.050000906
60,false,true,20,0.333333340,-2.050000906,-2.000000954
60,false,true,21,0.350000007,-2.000000954,-1.950001001
60,false,true,22,0.366666674,-1.950001001,-1.900001049
60,false,true,23,0.383333341,-1.900001049,-1.850001097
60,false,true,24,0.400000008,-1.850001097,-1.800001144
60,false,true,25,0.416666675,-1.800001144,-1.750001192
60,false,true,26,0.433333342,-1.750001192,-1.700001240
60,false,true,27,0.450000009,-1.700001240,-1.650001287
60,false,true,28,0.466666676,-1.650001287,-1.600001335
60,false,true,29,0.483333343,-1.600001335,-1.550001383
60,false,true,30,0.500000010,-1.550001383,-1.500001431
60,false,true,31,0.516666677,-1.500001431,-1.450001478
60,false,true,32,0.533333344,-1.450001478,-1.400001526
60,false,true,33,0.550000011,-1.400001526,-1.350001574
60,false,true,34,0.566666678,-1.350001574,-1.300001621
60,false,true,35,0.583333345,-1.300001621,-1.250001669
60,false,true,36,0.600000012,-1.250001669,-1.200001717
60,false,true,37,0.616666679,-1.200001717,-1.150001764
60,false,true,38,0.633333346,-1.150001764,-1.100001812
60,false,true,39,0.650000013,-1.100001812,-1.050001860
60,false,true,40,0.666666680,-1.050001860,-1.000001907
60,false,true,41,0.683333347,-1.000001907,-0.950001895
60,false,true,42,0.700000014,-0.950001895,-0.900001884
60,false,true,43,0.716666681,-0.900001884,-0.850001872
60,false,true,44,0.733333348,-0.850001872,-0.800001860
60,false,true,45,0.750000015,-0.800001860,-0.750001848
60,false,true,46,0.766666682,-0.750001848,-0.700001836
60,false,true,47,0.783333349,-0.700001836,-0.650001824
60,false,true,48,0.800000016,-0.650001824,-0.600001812
60,false,true,49,0.816666683,-0.600001812,-0.550001800
60,false,true,50,0.833333350,-0.550001800,-0.500001788
60,false,true,51,0.850000017,-0.500001788,-0.450001776
60,false,true,52,0.866666684,-0.450001776,-0.400001764
60,false,true,53,0.883333351,-0.400001764,-0.350001752
60,false,true,54,0.900000018,-0.350001752,-0.300001740
60,false,true,55,0.916666685,-0.300001740,-0.250001729
60,false,true,56,0.933333352,-0.250001729,-0.200001717
60,false,true,57,0.950000019,-0.200001717,-0.150001705
60,false,true,58,0.966666686,-0.150001705,-0.100001700
60,false,true,59,0.983333353,-0.100001700,-0.050001696
60,false,true,60,1.000000020,-0.050001696,-0.000001691
60,false,true,61,1.016666687,-0.000001691,0.049998313
60,false,true,62,1.033333354,0.049998313,0.099998318
60,false,true,63,1.050000021,0.099998318,0.149998322
60,false,true,64,1.066666688,0.149998322,0.199998319
60,false,true,65,1.083333355,0.199998319,0.249998331
60,false,true,66,1.100000022,0.249998331,0.299998343
60,false,true,67,1.116666689,0.299998343,0.349998355
60,false,true,68,1.133333356,0.349998355,0.399998367
60,false,true,69,1.150000023,0.399998367,0.449998379
60,false,true,70,1.166666690,0.449998379,0.499998391
60,false,true,71,1.183333357,0.499998391,0.549998403
60,false,true,72,1.200000024,0.549998403,0.599998415
60,false,true,73,1.216666691,0.599998415,0.649998426
60,false,true,74,1.233333358,0.649998426,0.699998438
60,false,true,75,1.250000025,0.699998438,0.749998450
60,false,true,76,1.266666692,0.749998450,0.799998462
60,false,true,77,1.283333359,0.799998462,0.849998474
60,false,true,78,1.300000026,0.849998474,0.899998486
60,false,true,79,1.316666693,0.899998486,0.949998498
60,false,true,80,1.333333360,0.949998498,0.999998510
60,false,true,81,1.350000027,0.999998510,1.049998522
60,false,true,82,1.366666694,1.049998522,1.099998474
60,false,true,83,1.383333361,1.099998474,1.149998426
60,false,true,84,1.400000028,1.149998426,1.199998379
60,false,true,85,1.416666695,1.199998379,1.249998331
60,false,true,86,1.433333362,1.249998331,1.299998283
60,false,true,87,1.450000029,1.299998283,1.349998236
60,false,true,88,1.466666696,1.349998236,1.399998188
60,false,true,89,1.483333363,1.399998188,1.449998140
60,false,true,90,1.500000030,1.449998140,1.499998093
60,false,true,91,1.516666697,1.499998093,1.549998045
60,false,true,92,1.533333364,1.549998045,1.599997997
60,false,true,93,1.550000031,1.599997997,1.649997950
60,false,true,94,1.566666698,1.649997950,1.699997902
60,false,true,95,1.583333365,1.699997902,1.749997854
60,false,true,96,1.600000032,1.749997854,1.799997807
60,false,true,97,1.616666699,1.799997807,1.849997759
60,false,true,98,1.633333366,1.849997759,1.899997711
60,false,true,99,1.650000033,1.899997711,1.949997663
60,false,true,100,1.666666700,1.949997663,1.999997616
60,false,true,101,1.683333367,1.999997616,2.049997568
60,false,true,102,1.700000034,2.049997568,2.099997520
60,false,true,103,1.716666701,2.099997520,2.149997473
60,false,true,104,1.733333368,2.149997473,2.199997425
60,false,true,105,1.750000035,2.199997425,2.249997377
60,false,true,106,1.766666702,2.249997377,2.299997330
60,false,true,107,1.783333369,2.299997330,2.349997282
60,false,true,108,1.800000036,2.349997282,2.399997234
60,false,true,109,1.816666703,2.399997234,2.449997187
60,false,true,110,1.833333370,2.449997187,2.499997139
60,false,true,111,1.850000037,2.499997139,2.549997091
60,false,true,112,1.866666704,2.549997091,2.599997044
60,false,true,113,1.883333371,2.599997044,2.649996996
60,false,true,114,1.900000038,2.649996996,2.699996948
60,false,true,115,1.916666705,2.699996948,2.749996901
60,false,true,116,1.933333372,2.749996901,2.799996853
60,false,true,117,1.950000039,2.799996853,2.849996805
60,false,true,118,1.966666706,2.849996805,2.899996758
60,false,true,119,1.983333373,2.899996758,2.949996710
60,true,false,0,0.000000000,-3.000000000,-3.000000000
60,true,false,1,0.016666667,-2.950000048,-2.950000048
60,true,false,2,0.033333334,-2.900000095,-2.900000095
60,true,false,3,0.050000001,-2.850000143,-2.850000143
60,true,false,4,0.066666668,-2.800000191,-2.800000191
60,true,false,5,0.083333335,-2.750000238,-2.750000238
60,true,false,6,0.100000002,-2.700000286,-2.700000286
60,true,false,7,0.116666669,-2.650000334,-2.650000334
60,true,false,8,0.133333336,-2.600000381,-2.600000381
60,true,false,9,0.150000003,-2.550000429,-2.550000429
60,true,false,10,0.166666670,-2.500000477,-2.500000477
60,true,false,11,0.183333337,-2.450000525,-2.450000525
60,true,false,12,0.200000004,-2.400000572,-2.400000572
60,true,false,13,0.216666671,-2.350000620,-2.350000620
60,true,false,14,0.233333338,-2.300000668,-2.300000668
60,true,false,15,0.250000005,-2.250000715,-2.250000715
60,true,false,16,0.266666672,-2.200000763,-2.200000763
60,true,false,17,0.283333339,-2.150000811,-2.150000811
60,true,false,18,0.300000006,-2.100000858,-2.100000858
60,true,false,19,0.316666673,-2.050000906,-2.050000906
60,true,false,20,0.333333340,-2.000000954,-2.000000954
60,true,false,21,0.350000007,-1.950001001,-1.950001001
60,true,false,22,0.366666674,-1.900001049,-1.900001049
60,true,false,23,0.383333341,-1.850001097,-1.850001097
60,true,false,24,0.400000008,-1.800001144,-1.800001144
60,true,false,25,0.416666675,-1.750001192,-1.750001192
60,true,false,26,0.433333342,-1.700001240,-1.700001240
60,true,false,27,0.450000009,-1.650001287,-1.650001287
60,true,false,28,0.466666676,-1.600001335,-1.600001335
60,true,false,29,0.483333343,-1.550001383,-1.550001383
60,true,false,30,0.500000010,-1.500001431,-1.500001431
60,true,false,31,0.516666677,-1.450001478,-1.450001478
60,true,false,32,0.533333344,-1.400001526,-1.400001526
60,true,false,33,0.550000011,-1.350001574,-1.350001574
60,true,false,34,0.566666678,-1.300001621,-1.300001621
60,true,false,35,0.583333345,-1.250001669,-1.250001669
60,true,false,36,0.600000012,-1.200001717,-1.200001717
60,true,false,37,0.616666679,-1.150001764,-1.150001764
60,true,false,38,0.633333346,-1.100001812,-1.100001812
60,true,false,39,0.650000013,-1.050001860,-1.050001860
60,true,false,40,0.666666680,-1.000001907,-1.000001907
60,true,false,41,0.683333347,-0.950001895,-0.950001895
60,true,false,42,0.700000014,-0.900001884,-0.900001884
60,true,false,43,0.716666681,-0.850001872,-0.850001872
60,true,false,44,0.733333348,-0.800001860,-0.800001860
60,true,false,45,0.750000015,-0.750001848,-0.750001848
60,true,false,46,0.766666682,-0.700001836,-0.700001836
60,true,false,47,0.783333349,-0.650001824,-0.650001824
60,true,false,48,0.800000016,-0.600001812,-0.600001812
60,true,false,49,0.816666683,-0.550001800,-0.550001800
60,true,false,50,0.833333350,-0.500001788,-0.500001788
60,true,false,51,0.850000017,-0.450001776,-0.450001776
60,true,false,52,0.866666684,-0.400001764,-0.400001764
60,true,false,53,0.883333351,-0.350001752,-0.350001752
60,true,false,54,0.900000018,-0.300001740,-0.300001740
60,true,false,55,0.916666685,-0.250001729,-0.250001729
60,true,false,56,0.933333352,-0.200001717,-0.200001717
60,true,false,57,0.950000019,-0.150001705,-0.150001705
60,true,false,58,0.966666686,-0.100001700,-0.100001700
60,true,false,59,0.983333353,-0.050001696,-0.050001696
60,true,false,60,1.000000020,-0.000001691,-0.000001691
60,true,false,61,1.016666687,0.049998313,0.049998313
60,true,false,62,1.033333354,0.099998318,0.099998318
60,true,false,63,1.050000021,0.149998322,0.149998322
60,true,false,64,1.066666688,0.199998319,0.199998319
60,true,false,65,1.083333355,0.249998331,0.249998331
60,true,false,66,1.100000022,0.299998343,0.299998343
60,true,false,67,1.116666689,0.349998355,0.349998355
60,true,false,68,1.133333356,0.399998367,0.399998367
60,true,false,69,1.150000023,0.449998379,0.449998379
60,true,false,70,1.166666690,0.499998391,0.499998391
60,true,false,71,1.183333357,0.549998403,0.549998403
60,true,false,72,1.200000024,0.599998415,0.599998415
60,true,false,73,1.216666691,0.649998426,0.649998426
60,true,false,74,1.233333358,0.699998438,0.699998438
60,true,false,75,1.250000025,0.749998450,0.749998450
60,true,false,76,1.266666692,0.799998462,0.799998462
60,true,false,77,1.283333359,0.849998474,0.849998474
60,true,false,78,1.300000026,0.899998486,0.899998486
60,true,false,79,1.316666693,0.949998498,0.949998498
60,true,false,80,1.333333360,0.999998510,0.999998510
60,true,false,81,1.350000027,1.049998522,1.049998522
60,true,false,82,1.366666694,1.099998474,1.099998474
60,true,false,83,1.383333361,1.149998426,1.149998426
60,true,false,84,1.400000028,1.199998379,1.199998379
60,true,false,85,1.416666695,1.249998331,1.249998331
60,true,false,86,1.433333362,1.299998283,1.299998283
60,true,false,87,1.450000029,1.349998236,1.349998236
60,true,false,88,1.466666696,1.399998188,1.399998188
60,true,false,89,1.483333363,1.449998140,1.449998140
60,true,false,90,1.500000030,1.499998093,1.499998093
60,true,false,91,1.516666697,1.549998045,1.549998045
60,true,false,92,1.533333364,1.599997997,1.599997997
60,true,false,93,1.550000031,1.649997950,1.649997950
60,true,false,94,1.566666698,1.699997902,1.699997902
60,true,false,95,1.583333365,1.749997854,1.749997854
60,true,false,96,1.600000032,1.799997807,1.799997807
60,true,false,97,1.616666699,1.849997759,1.849997759
60,true,false,98,1.633333366,1.899997711,1.899997711
60,true,false,99,1.650000033,1.949997663,1.949997663
60,true,false,100,1.666666700,1.999997616,1.999997616
60,true,false,101,1.683333367,2.049997568,2.049997568
60,true,false,102,1.700000034,2.099997520,2.099997520
60,true,false,103,1.716666701,2.149997473,2.149997473
60,true,false,104,1.733333368,2.199997425,2.199997425
60,true,false,105,1.750000035,2.249997377,2.249997377
60,true,false,106,1.766666702,2.299997330,2.299997330
60,true,false,107,1.783333369,2.349997282,2.349997282
60,true,false,108,1.800000036,2.399997234,2.399997234
60,true,false,109,1.816666703,2.449997187,2.449997187
60,true,false,110,1.833333370,2.499997139,2.499997139
60,true,false,111,1.850000037,2.549997091,2.549997091
60,true,false,112,1.866666704,2.599997044,2.599997044
60,true,false,113,1.883333371,2.649996996,2.649996996
60,true,false,114,1.900000038,2.699996948,2.699996948
60,true,false,115,1.916666705,2.749996901,2.749996901
60,true,false,116,1.933333372,2.799996853,2.799996853
60,true,false,117,1.950000039,2.849996805,2.849996805
60,true,false,118,1.966666706,2.899996758,2.899996758
60,true,false,119,1.983333373,2.949996710,2.949996710
60,true,true,0,0.000000000,-3.000000000,-3.000000000
60,true,true,1,0.016666667,-3.000000000,-2.950000048
60,true,true,2,0.033333334,-2.950000048,-2.900000095
60,true,true,3,0.050000001,-2.900000095,-2.850000143
60,true,true,4,0.066666668,-2.850000143,-2.800000191
60,true,true,5,0.083333335,-2.800000191,-2.750000238
60,true,true,6,0.100000002,-2.750000238,-2.700000286
60,true,true,7,0.116666669,-2.700000286,-2.650000334
60,true,true,8,0.133333336,-2.650000334,-2.600000381
60,true,true,9,0.150000003,-2.600000381,-2.550000429
60,true,true,10,0.166666670,-2.550000429,-2.500000477
60,true,true,11,0.183333337,-2.500000477,-2.450000525
60,true,true,12,0.200000004,-2.450000525,-2.400000572
60,true,true,13,0.216666671,-2.400000572,-2.350000620
60,true,true,14,0.233333338,-2.350000620,-2.300000668
60,true,true,15,0.250000005,-2.300000668,-2.250000715
60,true,true,16,0.266666672,-2.250000715,-2.200000763
60,true,true,17,0.283333339,-2.200000763,-2.150000811
60,true,true,18,0.300000006,-2.150000811,-2.100000858
60,true,true,19,0.316666673,-2.100000858,-2.050000906
60,true,true,20,0.333333340,-2.050000906,-2.000000954
60,true,true,21,0.350000007,-2.000000954,-1.950001001
60,true,true,22,0.366666674,-1.950001001,-1.900001049
60,true,true,23,0.383333341,-1.900001049,-1.850001097
60,true,true,24,0.400000008,-1.850001097,-1.800001144
60,true,true,25,0.416666675,-1.800001144,-1.750001192
60,true,true,26,0.433333342,-1.750001192,-1.700001240
60,true,true,27,0.450000009,-1.700001240,-1.650001287
60,true,true,28,0.466666676,-1.650001287,-1.600001335
60,true,true,29,0.483333343,-1.600001335,-1.550001383
60,true,true,30,0.500000010,-1.550001383,-1.500001431
60,true,true,31,0.516666677,-1.500001431,-1.450001478
60,true,true,32,0.533333344,-1.450001478,-1.400001526
60,true,true,33,0.550000011,-1.400001526,-1.350001574
60,true,true,34,0.566666678,-1.350001574,-1.300001621
60,true,true,35,0.583333345,-1.300001621,-1.250001669
60,true,true,36,0.600000012,-1.250001669,-1.200001717
60,true,true,37,0.616666679,-1.200001717,-1.150001764
60,true,true,38,0.633333346,-1.150001764,-1.100001812
60,true,true,39,0.650000013,-1.100001812,-1.050001860
60,true,true,40,0.666666680,-1.050001860,-1.000001907
60,true,true,41,0.683333347,-1.000001907,-0.950001895
60,true,true,42,0.700000014,-0.950001895,-0.900001884
60,true,true,43,0.716666681,-0.900001884,-0.850001872
60,true,true,44,0.733333348,-0.850001872,-0.800001860
60,true,true,45,0.750000015,-0.800001860,-0.750001848
60,true,true,46,0.766666682,-0.750001848,-0.700001836
60,true,true,47,0.783333349,-0.700001836,-0.650001824
60,true,true,48,0.800000016,-0.650001824,-0.600001812
60,true,true,49,0.816666683,-0.600001812,-0.550001800
60,true,true,50,0.833333350,-0.550001800,-0.500001788
60,true,true,51,0.850000017,-0.500001788,-0.450001776
60,true,true,52,0.866666684,-0.450001776,-0.400001764
60,true,true,53,0.883333351,-0.400001764,-0.350001752
60,true,true,54,0.900000018,-0.350001752,-0.300001740
60,true,true,55,0.916666685,-0.300001740,-0.250001729
60,true,true,56,0.933333352,-0.250001729,-0.200001717
60,true,true,57,0.950000019,-0.200001717,-0.150001705
60,true,true,58,0.966666686,-0.150001705,-0.100001700
60,true,true,59,0.983333353,-0.100001700,-0.050001696
60,true,true,60,1.000000020,-0.050001696,-0.000001691
60,true,true,61,1.016666687,-0.000001691,0.049998313
60,true,true,62,1.033333354,0.049998313,0.099998318
60,true,true,63,1.050000021,0.099998318,0.149998322
60,true,true,64,1.066666688,0.149998322,0.199998319
60,true,true,65,1.083333355,0.199998319,0.249998331
60,true,true,66,1.100000022,0.249998331,0.299998343
60,true,true,67,1.116666689,0.299998343,0.349998355
60,true,true,68,1.133333356,0.349998355,0.399998367
60,true,true,69,1.150000023,0.399998367,0.449998379
60,true,true,70,1.166666690,0.449998379,0.499998391
60,true,true,71,1.183333357,0.499998391,0.549998403
60,true,true,72,1.200000024,0.549998403,0.599998415
60,true,true,73,1.216666691,0.599998415,0.649998426
60,true,true,74,1.233333358,0.649998426,0.699998438
60,true,true,75,1.250000025,0.699998438,0.749998450
60,true,true,76,1.266666692,0.749998450,0.799998462
60,true,true,77,1.283333359,0.799998462,0.849998474
60,true,true,78,1.300000026,0.849998474,0.899998486
60,true,true,79,1.316666693,0.899998486,0.949998498
60,true,true,80,1.333333360,0.949998498,0.999998510
60,true,true,81,1.350000027,0.999998510,1.049998522
60,true,true,82,1.366666694,1.049998522,1.099998474
60,true,true,83,1.383333361,1.099998474,1.149998426
60,true,true,84,1.400000028,1.149998426,1.199998379
60,true,true,85,1.416666695,1.199998379,1.249998331
60,true,true,86,1.433333362,1.249998331,1.299998283
60,true,true,87,1.450000029,1.299998283,1.349998236
60,true,true,88,1.466666696,1.349998236,1.399998188
60,true,true,89,1.483333363,1.399998188,1.449998140
60,true,true,90,1.500000030,1.449998140,1.499998093
60,true,true,91,1.516666697,1.499998093,1.549998045
60,true,true,92,1.533333364,1.549998045,1.599997997
60,true,true,93,1.550000031,1.599997997,1.649997950
60,true,true,94,1.566666698,1.649997950,1.699997902
60,true,true,95,1.583333365,1.699997902,1.749997854
60,true,true,96,1.600000032,1.749997854,1.799997807
60,true,true,97,1.616666699,1.799997807,1.849997759
60,true,true,98,1.633333366,1.849997759,1.899997711
60,true,true,99,1.650000033,1.899997711,1.949997663
60,true,true,100,1.666666700,1.949997663,1.999997616
60,true,true,101,1.683333367,1.999997616,2.049997568
60,true,true,102,1.700000034,2.049997568,2.099997520
60,true,true,103,1.716666701,2.099997520,2.149997473
60,true,true,104,1.733333368,2.149997473,2.199997425
60,true,true,105,1.750000035,2.199997425,2.249997377
60,true,true,106,1.766666702,2.249997377,2.299997330
60,true,true,107,1.783333369,2.299997330,2.349997282
60,true,true,108,1.800000036,2.349997282,2.399997234
60,true,true,109,1.816666703,2.399997234,2.449997187
60,true,true,110,1.833333370,2.449997187,2.499997139
60,true,true,111,1.850000037,2.499997139,2.549997091
60,true,true,112,1.866666704,2.549997091,2.599997044
60,true,true,113,1.883333371,2.599997044,2.649996996
60,true,true,114,1.900000038,2.649996996,2.699996948
60,true,true,115,1.916666705,2.699996948,2.749996901
60,true,true,116,1.933333372,2.749996901,2.799996853
60,true,true,117,1.950000039,2.799996853,2.849996805
60,true,true,118,1.966666706,2.849996805,2.899996758
60,true,true,119,1.983333373,2.899996758,2.949996710
120,false,false,0,0.000000000,-3.000000000,-3.000000000
120,false,false,1,0.008333333,-3.000000000,-3.000000000
120,false,false,2,0.016666667,-2.950000048,-2.950000048
120,false,false,3,0.025000000,-2.950000048,-2.950000048
120,false,false,4,0.033333334,-2.900000095,-2.900000095
120,false,false,5,0.041666667,-2.900000095,-2.900000095
120,false,false,6,0.050000001,-2.850000143,-2.850000143
120,false,false,7,0.058333334,-2.850000143,-2.850000143
120,false,false,8,0.066666668,-2.800000191,-2.800000191
120,false,false,9,0.075000001,-2.800000191,-2.800000191
120,false,false,10,0.083333335,-2.750000238,-2.750000238
120,false,false,11,0.091666668,-2.750000238,-2.750000238
120,false,false,12,0.100000002,-2.700000286,-2.700000286
120,false,false,13,0.108333335,-2.700000286,-2.700000286
120,false,false,14,0.116666669,-2.650000334,-2.650000334
120,false,false,15,0.125000002,-2.650000334,-2.650000334
120,false,false,16,0.133333336,-2.600000381,-2.600000381
120,false,false,17,0.141666669,-2.600000381,-2.600000381
120,false,false,18,0.150000003,-2.550000429,-2.550000429
120,false,false,19,0.158333336,-2.550000429,-2.550000429
120,false,false,20,0.166666670,-2.500000477,-2.500000477
120,false,false,21,0.175000003,-2.500000477,-2.500000477
120,false,false,22,0.183333337,-2.450000525,-2.450000525
120,false,false,23,0.191666670,-2.450000525,-2.450000525
120,false,false,24,0.200000004,-2.400000572,-2.400000572
120,false,false,25,0.208333337,-2.400000572,-2.400000572
120,false,false,26,0.216666671,-2.350000620,-2.350000620
120,false,false,27,0.225000004,-2.350000620,-2.350000620
120,false,false,28,0.233333338,-2.300000668,-2.300000668
120,false,false,29,0.241666671,-2.300000668,-2.300000668
120,false,false,30,0.250000005,-2.250000715,-2.250000715
120,false,false,31,0.258333338,-2.250000715,-2.250000715
120,false,false,32,0.266666672,-2.200000763,-2.200000763
120,false,false,33,0.275000005,-2.200000763,-2.200000763
120,false,false,34,0.283333339,-2.150000811,-2.150000811
120,false,false,35,0.291666672,-2.150000811,-2.150000811
120,false,false,36,0.300000006,-2.100000858,-2.100000858
120,false,false,37,0.308333339,-2.100000858,-2.100000858
120,false,false,38,0.316666673,-2.050000906,-2.050000906
120,false,false,39,0.325000006,-2.050000906,-2.050000906
120,false,false,40,0.333333340,-2.000000954,-2.000000954
120,false,false,41,0.341666673,-2.000000954,-2.000000954
120,false,false,42,0.350000007,-1.950001001,-1.950001001
120,false,false,43,0.358333340,-1.950001001,-1.950001001
120,false,false,44,0.366666674,-1.900001049,-1.900001049
120,false,false,45,0.375000007,-1.900001049,-1.900001049
120,false,false,46,0.383333341,-1.850001097,-1.850001097
120,false,false,47,0.391666674,-1.850001097,-1.850001097
120,false,false,48,0.400000008,-1.800001144,-1.800001144
120,false,false,49,0.408333341,-1.800001144,-1.800001144
120,false,false,50,0.416666675,-1.750001192,-1.750001192
120,false,false,51,0.425000008,-1.750001192,-1.750001192
120,false,false,52,0.433333342,-1.700001240,-1.700001240
120,false,false,53,0.441666675,-1.700001240,-1.700001240
120,false,false,54,0.450000009,-1.650001287,-1.650001287
120,false,false,55,0.458333342,-1.650001287,-1.650001287
120,false,false,56,0.466666676,-1.600001335,-1.600001335
120,false,false,57,0.475000009,-1.600001335,-1.600001335
120,false,false,58,0.483333343,-1.550001383,-1.550001383
120,false,false,59,0.491666676,-1.550001383,-1.550001383
120,false,false,60,0.500000010,-1.500001431,-1.500001431
120,false,false,61,0.508333343,-1.500001431,-1.500001431
120,false,false,62,0.516666677,-1.450001478,-1.450001478
120,false,false,63,0.525000010,-1.450001478,-1.450001478
120,false,false,64,0.533333344,-1.400001526,-1.400001526
120,false,false,65,0.541666677,-1.400001526,-1.400001526
120,false,false,66,0.550000011,-1.350001574,-1.350001574
120,false,false,67,0.558333344,-1.350001574,-1.350001574
120,false,false,68,0.566666678,-1.300001621,-1.300001621
120,false,false,69,0.575000011,-1.300001621,-1.300001621
120,false,false,70,0.583333345,-1.250001669,-1.250001669
120,false,false,71,0.591666678,-1.250001669,-1.250001669
120,false,false,72,0.600000012,-1.200001717,-1.200001717
120,false,false,73,0.608333345,-1.200001717,-1.200001717
120,false,false,74,0.616666679,-1.150001764,-1.150001764
120,false,false,75,0.625000012,-1.150001764,-1.150001764
120,false,false,76,0.633333346,-1.100001812,-1.100001812
120,false,false,77,0.641666679,-1.100001812,-1.100001812
120,false,false,78,0.650000013,-1.050001860,-1.050001860
120,false,false,79,0.658333346,-1.050001860,-1.050001860
120,false,false,80,0.666666680,-1.000001907,-1.000001907
120,false,false,81,0.675000013,-1.000001907,-1.000001907
120,false,false,82,0.683333347,-0.950001895,-0.950001895
120,false,false,83,0.691666680,-0.950001895,-0.950001895
120,false,false,84,0.700000014,-0.900001884,-0.900001884
120,false,false,85,0.708333347,-0.900001884,-0.900001884
120,false,false,86,0.716666681,-0.850001872,-0.850001872
120,false,false,87,0.725000014,-0.850001872,-0.850001872
120,false,false,88,0.733333348,-0.800001860,-0.800001860
120,false,false,89,0.741666681,-0.800001860,-0.800001860
120,false,false,90,0.750000015,-0.750001848,-0.750001848
120,false,false,91,0.758333348,-0.750001848,-0.750001848
120,false,false,92,0.766666682,-0.700001836,-0.700001836
120,false,false,93,0.775000015,-0.700001836,-0.700001836
120,false,false,94,0.783333349,-0.650001824,-0.650001824
120,false,false,95,0.791666682,-0.650001824,-0.650001824
120,false,false,96,0.800000016,-0.600001812,-0.600001812
120,false,false,97,0.808333349,-0.600001812,-0.600001812
120,false,false,98,0.816666683,-0.550001800,-0.550001800
120,false,false,99,0.825000016,-0.550001800,-0.550001800
120,false,false,100,0.833333350,-0.500001788,-0.500001788
120,false,false,101,0.841666683,-0.500001788,-0.500001788
120,false,false,102,0.850000017,-0.450001776,-0.450001776
120,false,false,103,0.858333350,-0.450001776,-0.450001776
120,false,false,104,0.866666684,-0.400001764,-0.400001764
120,false,false,105,0.875000017,-0.400001764,-0.400001764
120,false,false,106,0.883333351,-0.350001752,-0.350001752
120,false,false,107,0.891666684,-0.350001752,-0.350001752
120,false,false,108,0.900000018,-0.300001740,-0.300001740
120,false,false,109,0.908333351,-0.300001740,-0.300001740
120,false,false,110,0.916666685,-0.250001729,-0.250001729
120,false,false,111,0.925000018,-0.250001729,-0.250001729
120,false,false,112,0.933333352,-0.200001717,-0.200001717
120,false,false,113,0.941666685,-0.200001717,-0.200001717
120,false,false,114,0.950000019,-0.150001705,-0.150001705
120,false,false,115,0.958333352,-0.150001705,-0.150001705
120,false,false,116,0.966666686,-0.100001700,-0.100001700
120,false,false,117,0.975000019,-0.100001700,-0.100001700
120,false,false,118,0.983333353,-0.050001696,-0.050001696
120,false,false,119,0.991666686,-0.050001696,-0.050001696
120,false,false,120,1.000000020,-0.000001691,-0.000001691
120,false,false,121,1.008333353,-0.000001691,-0.000001691
120,false,false,122,1.016666687,0.049998313,0.049998313
120,false,false,123,1.025000020,0.049998313,0.049998313
120,false,false,124,1.033333354,0.099998318,0.099998318
120,false,false,125,1.041666687,0.099998318,0.099998318
120,false,false,126,1.050000021,0.149998322,0.149998322
120,false,false,127,1.058333354,0.149998322,0.149998322
120,false,false,128,1.066666688,0.199998319,0.199998319
120,false,false,129,1.075000021,0.199998319,0.199998319
120,false,false,130,1.083333355,0.249998331,0.249998331
120,false,false,131,1.091666688,0.249998331,0.249998331
120,false,false,132,1.100000022,0.299998343,0.299998343
120,false,false,133,1.108333355,0.299998343,0.299998343
120,false,false,134,1.116666689,0.349998355,0.349998355
120,false,false,135,1.125000022,0.349998355,0.349998355
120,false,false,136,1.133333356,0.399998367,0.399998367
120,false,false,137,1.141666689,0.399998367,0.399998367
120,false,false,138,1.150000023,0.449998379,0.449998379
120,false,false,139,1.158333356,0.449998379,0.449998379
120,false,false,140,1.166666690,0.499998391,0.499998391
120,false,false,141,1.175000023,0.499998391,0.499998391
120,false,false,142,1.183333357,0.549998403,0.549998403
120,false,false,143,1.191666690,0.549998403,0.549998403
120,false,false,144,1.200000024,0.599998415,0.599998415
120,false,false,145,1.208333357,0.599998415,0.599998415
120,false,false,146,1.216666691,0.649998426,0.649998426
120,false,false,147,1.225000024,0.649998426,0.649998426
120,false,false,148,1.233333358,0.699998438,0.699998438
120,false,false,149,1.241666691,0.699998438,0.699998438
120,false,false,150,1.250000025,0.749998450,0.749998450
120,false,false,151,1.258333358,0.749998450,0.749998450
120,false,false,152,1.266666692,0.799998462,0.799998462
120,false,false,153,1.275000025,0.799998462,0.799998462
120,false,false,154,1.283333359,0.849998474,0.849998474
120,false,false,155,1.291666692,0.849998474,0.849998474
120,false,false,156,1.300000026,0.899998486,0.899998486
120,false,false,157,1.308333359,0.899998486,0.899998486
120,false,false,158,1.316666693,0.949998498,0.949998498
120,false,false,159,1.325000026,0.949998498,0.949998498
120,false,false,160,1.333333360,0.999998510,0.999998510
120,false,false,161,1.341666693,0.999998510,0.999998510
120,false,false,162,1.350000027,1.049998522,1.049998522
120,false,false,163,1.358333360,1.049998522,1.049998522
120,false,false,164,1.366666694,1.099998474,1.099998474
120,false,false,165,1.375000027,1.099998474,1.099998474
120,false,false,166,1.383333361,1.149998426,1.149998426
120,false,false,167,1.391666694,1.149998426,1.149998426
120,false,false,168,1.400000028,1.199998379,1.199998379
120,false,false,169,1.408333361,1.199998379,1.199998379
120,false,false,170,1.416666695,1.249998331,1.249998331
120,false,false,171,1.425000028,1.249998331,1.249998331
120,false,false,172,1.433333362,1.299998283,1.299998283
120,false,false,173,1.441666695,1.299998283,1.299998283
120,false,false,174,1.450000029,1.349998236,1.349998236
120,false,false,175,1.458333362,1.349998236,1.349998236
120,false,false,176,1.466666696,1.399998188,1.399998188
120,false,false,177,1.475000029,1.399998188,1.399998188
120,false,false,178,1.483333363,1.449998140,1.449998140
120,false,false,179,1.491666696,1.449998140,1.449998140
120,false,false,180,1.500000030,1.499998093,1.499998093
120,false,false,181,1.508333363,1.499998093,1.499998093
120,false,false,182,1.516666697,1.549998045,1.549998045
120,false,false,183,1.525000030,1.549998045,1.549998045
120,false,false,184,1.533333364,1.599997997,1.599997997
120,false,false,185,1.541666697,1.599997997,1.599997997
120,false,false,186,1.550000031,1.649997950,1.649997950
120,false,false,187,1.558333364,1.649997950,1.649997950
120,false,false,188,1.566666698,1.699997902,1.699997902
120,false,false,189,1.575000031,1.699997902,1.699997902
120,false,false,190,1.583333365,1.749997854,1.749997854
120,false,false,191,1.591666698,1.749997854,1.749997854
120,false,false,192,1.600000032,1.799997807,1.799997807
120,false,false,193,1.608333365,1.799997807,1.799997807
120,false,false,194,1.616666699,1.849997759,1.849997759
120,false,false,195,1.625000032,1.849997759,1.849997759
120,false,false,196,1.633333366,1.899997711,1.899997711
120,false,false,197,1.641666699,1.899997711,1.899997711
120,false,false,198,1.650000033,1.949997663,1.949997663
120,false,false,199,1.658333366,1.949997663,1.949997663
120,false,false,200,1.666666700,1.999997616,1.999997616
120,false,false,201,1.675000033,1.999997616,1.999997616
120,false,false,202,1.683333367,2.049997568,2.049997568
120,false,false,203,1.691666700,2.049997568,2.049997568
120,false,false,204,1.700000034,2.099997520,2.099997520
120,false,false,205,1.708333367,2.099997520,2.099997520
120,false,false,206,1.716666701,2.149997473,2.149997473
120,false,false,207,1.725000034,2.149997473,2.149997473
120,false,false,208,1.733333368,2.199997425,2.199997425
120,false,false,209,1.741666701,2.199997425,2.199997425
120,false,false,210,1.750000035,2.249997377,2.249997377
120,false,false,211,1.758333368,2.249997377,2.249997377
120,false,false,212,1.766666702,2.299997330,2.299997330
120,false,false,213,1.775000035,2.299997330,2.299997330
120,false,false,214,1.783333369,2.349997282,2.349997282
120,false,false,215,1.791666702,2.349997282,2.349997282
120,false,false,216,1.800000036,2.399997234,2.399997234
120,false,false,217,1.808333369,2.399997234,2.399997234
120,false,false,218,1.816666703,2.449997187,2.449997187
120,false,false,219,1.825000036,2.449997187,2.449997187
120,false,false,220,1.833333370,2.499997139,2.499997139
120,false,false,221,1.841666703,2.499997139,2.499997139
120,false,false,222,1.850000037,2.549997091,2.549997091
120,false,false,223,1.858333370,2.549997091,2.549997091
120,false,false,224,1.866666704,2.599997044,2.599997044
120,false,false,225,1.875000037,2.599997044,2.599997044
120,false,false,226,1.883333371,2.649996996,2.649996996
120,false,false,227,1.891666704,2.649996996,2.649996996
120,false,false,228,1.900000038,2.699996948,2.699996948
120,false,false,229,1.908333371,2.699996948,2.699996948
120,false,false,230,1.916666705,2.749996901,2.749996901
120,false,false,231,1.925000038,2.749996901,2.749996901
120,false,false,232,1.933333372,2.799996853,2.799996853
120,false,false,233,1.941666705,2.799996853,2.799996853
120,false,false,234,1.950000039,2.849996805,2.849996805
120,false,false,235,1.958333372,2.849996805,2.849996805
120,false,false,236,1.966666706,2.899996758,2.899996758
120,false,false,237,1.975000039,2.899996758,2.899996758
120,false,false,238,1.983333373,2.949996710,2.949996710
120,false,false,239,1.991666706,2.949996710,2.949996710
120,false,true,0,0.000000000,-3.000000000,-3.000000000
120,false,true,1,0.008333333,-3.000000000,-3.000000000
120,false,true,2,0.016666667,-3.000000000,-2.950000048
120,false,true,3,0.025000000,-2.974999905,-2.950000048
120,false,true,4,0.033333334,-2.950000048,-2.900000095
120,false,true,5,0.041666667,-2.924999952,-2.900000095
120,false,true,6,0.050000001,-2.900000095,-2.850000143
120,false,true,7,0.058333334,-2.875000000,-2.850000143
120,false,true,8,0.066666668,-2.850000143,-2.800000191
120,false,true,9,0.075000001,-2.825000048,-2.800000191
120,false,true,10,0.083333335,-2.800000191,-2.750000238
120,false,true,11,0.091666668,-2.775000095,-2.750000238
120,false,true,12,0.100000002,-2.750000238,-2.700000286
120,false,true,13,0.108333335,-2.725000143,-2.700000286
120,false,true,14,0.116666669,-2.700000286,-2.650000334
120,false,true,15,0.125000002,-2.675000191,-2.650000334
120,false,true,16,0.133333336,-2.650000334,-2.600000381
120,false,true,17,0.141666669,-2.625000238,-2.600000381
120,false,true,18,0.150000003,-2.600000381,-2.550000429
120,false,true,19,0.158333336,-2.575000286,-2.550000429
120,false,true,20,0.166666670,-2.550000429,-2.500000477
120,false,true,21,0.175000003,-2.525000334,-2.500000477
120,false,true,22,0.183333337,-2.500000477,-2.450000525
120,false,true,23,0.191666670,-2.475000381,-2.450000525
120,false,true,24,0.200000004,-2.450000525,-2.400000572
120,false,true,25,0.208333337,-2.425000429,-2.400000572
120,false,true,26,0.216666671,-2.400000572,-2.350000620
120,false,true,27,0.225000004,-2.375000477,-2.350000620
120,false,true,28,0.233333338,-2.350000620,-2.300000668
120,false,true,29,0.241666671,-2.325000525,-2.300000668
120,false,true,30,0.250000005,-2.300000668,-2.250000715
120,false,true,31,0.258333338,-2.275000572,-2.250000715
120,false,true,32,0.266666672,-2.250000715,-2.200000763
120,false,true,33,0.275000005,-2.225000620,-2.200000763
120,false,true,34,0.283333339,-2.200000763,-2.150000811
120,false,true,35,0.291666672,-2.175000668,-2.150000811
120,false,true,36,0.300000006,-2.150000811,-2.100000858
120,false,true,37,0.308333339,-2.125000715,-2.100000858
120,false,true,38,0.316666673,-2.100000858,-2.050000906
120,false,true,39,0.325000006,-2.075000763,-2.050000906
120,false,true,40,0.333333340,-2.050000906,-2.000000954
120,false,true,41,0.341666673,-2.025000811,-2.000000954
120,false,true,42,0.350000007,-2.000000954,-1.950001001
120,false,true,43,0.358333340,-1.975000858,-1.950001001
120,false,true,44,0.366666674,-1.950001001,-1.900001049
120,false,true,45,0.375000007,-1.925000906,-1.900001049
120,false,true,46,0.383333341,-1.900001049,-1.850001097
120,false,true,47,0.391666674,-1.875000954,-1.850001097
120,false,true,48,0.400000008,-1.850001097,-1.800001144
120,false,true,49,0.408333341,-1.825001001,-1.800001144
120,false,true,50,0.416666675,-1.800001144,-1.750001192
120,false,true,51,0.425000008,-1.775001049,-1.750001192
120,false,true,52,0.433333342,-1.750001192,-1.700001240
120,false,true,53,0.441666675,-1.725001097,-1.700001240
120,false,true,54,0.450000009,-1.700001240,-1.650001287
120,false,true,55,0.458333342,-1.675001144,-1.650001287
120,false,true,56,0.466666676,-1.650001287,-1.600001335
120,false,true,57,0.475000009,-1.625001192,-1.600001335
120,false,true,58,0.483333343,-1.600001335,-1.550001383
120,false,true,59,0.491666676,-1.575001240,-1.550001383
120,false,true,60,0.500000010,-1.550001383,-1.500001431
120,false,true,61,0.508333343,-1.525001287,-1.500001431
120,false,true,62,0.516666677,-1.500001431,-1.450001478
120,false,true,63,0.525000010,-1.475001335,-1.450001478
120,false,true,64,0.533333344,-1.450001478,-1.400001526
120,false,true,65,0.541666677,-1.425001383,-1.400001526
120,false,true,66,0.550000011,-1.400001526,-1.350001574
120,false,true,67,0.558333344,-1.375001431,-1.350001574
120,false,true,68,0.566666678,-1.350001574,-1.300001621
120,false,true,69,0.575000011,-1.325001478,-1.300001621
120,false,true,70,0.583333345,-1.300001621,-1.250001669
120,false,true,71,0.591666678,-1.275001526,-1.250001669
120,false,true,72,0.600000012,-1.250001669,-1.200001717
120,false,true,73,0.608333345,-1.225001574,-1.200001717
120,false,true,74,0.616666679,-1.200001717,-1.150001764
120,false,true,75,0.625000012,-1.175001621,-1.150001764
120,false,true,76,0.633333346,-1.150001764,-1.100001812
120,false,true,77,0.641666679,-1.125001669,-1.100001812
120,false,true,78,0.650000013,-1.100001812,-1.050001860
120,false,true,79,0.658333346,-1.075001717,-1.050001860
120,false,true,80,0.666666680,-1.050001860,-1.000001907
120,false,true,81,0.675000013,-1.025001764,-1.000001907
120,false,true,82,0.683333347,-1.000001907,-0.950001895
120,false,true,83,0.691666680,-0.975001872,-0.950001895
120,false,true,84,0.700000014,-0.950001895,-0.900001884
120,false,true,85,0.708333347,-0.925001860,-0.900001884
120,false,true,86,0.716666681,-0.900001884,-0.850001872
120,false,true,87,0.725000014,-0.875001848,-0.850001872
120,false,true,88,0.733333348,-0.850001872,-0.800001860
120,false,true,89,0.741666681,-0.825001836,-0.800001860
120,false,true,90,0.750000015,-0.800001860,-0.750001848
120,false,true,91,0.758333348,-0.775001824,-0.750001848
120,false,true,92,0.766666682,-0.750001848,-0.700001836
120,false,true,93,0.775000015,-0.725001812,-0.700001836
120,false,true,94,0.783333349,-0.700001836,-0.650001824
120,false,true,95,0.791666682,-0.675001800,-0.650001824
120,false,true,96,0.800000016,-0.650001824,-0.600001812
120,false,true,97,0.808333349,-0.625001788,-0.600001812
120,false,true,98,0.816666683,-0.600001812,-0.550001800
120,false,true,99,0.825000016,-0.575001776,-0.550001800
120,false,true,100,0.833333350,-0.550001800,-0.500001788
120,false,true,101,0.841666683,-0.525001764,-0.500001788
120,false,true,102,0.850000017,-0.500001788,-0.450001776
120,false,true,103,0.858333350,-0.475001752,-0.450001776
120,false,true,104,0.866666684,-0.450001776,-0.400001764
120,false,true,105,0.875000017,-0.425001740,-0.400001764
120,false,true,106,0.883333351,-0.400001764,-0.350001752
120,false,true,107,0.891666684,-0.375001729,-0.350001752
120,false,true,108,0.900000018,-0.350001752,-0.300001740
120,false,true,109,0.908333351,-0.325001717,-0.300001740
120,false,true,110,0.916666685,-0.300001740,-0.250001729
120,false,true,111,0.925000018,-0.275001705,-0.250001729
120,false,true,112,0.933333352,-0.250001729,-0.200001717
120,false,true,113,0.941666685,-0.225001723,-0.200001717
120,false,true,114,0.950000019,-0.200001717,-0.150001705
120,false,true,115,0.958333352,-0.175001711,-0.150001705
120,false,true,116,0.966666686,-0.150001705,-0.100001700
120,false,true,117,0.975000019,-0.125001699,-0.100001700
120,false,true,118,0.983333353,-0.100001700,-0.050001696
120,false,true,119,0.991666686,-0.075001694,-0.050001696
120,false,true,120,1.000000020,-0.050001696,-0.000001691
120,false,true,121,1.008333353,-0.025001694,-0.000001691
120,false,true,122,1.016666687,-0.000001691,0.049998313
120,false,true,123,1.025000020,0.024998309,0.049998313
120,false,true,124,1.033333354,0.049998313,0.099998318
120,false,true,125,1.041666687,0.074998312,0.099998318
120,false,true,126,1.050000021,0.099998318,0.149998322
120,false,true,127,1.058333354,0.124998316,0.149998322
120,false,true,128,1.066666688,0.149998322,0.199998319
120,false,true,129,1.075000021,0.174998313,0.199998319
120,false,true,130,1.083333355,0.199998319,0.249998331
120,false,true,131,1.091666688,0.224998325,0.249998331
120,false,true,132,1.100000022,0.249998331,0.299998343
120,false,true,133,1.108333355,0.274998307,0.299998343
120,false,true,134,1.116666689,0.299998343,0.349998355
120,false,true,135,1.125000022,0.324998319,0.349998355
120,false,true,136,1.133333356,0.349998355,0.399998367
120,false,true,137,1.141666689,0.374998331,0.399998367
120,false,true,138,1.150000023,0.399998367,0.449998379
120,false,true,139,1.158333356,0.424998343,0.449998379
120,false,true,140,1.166666690,0.449998379,0.499998391
120,false,true,141,1.175000023,0.474998355,0.499998391
120,false,true,142,1.183333357,0.499998391,0.549998403
120,false,true,143,1.191666690,0.524998367,0.549998403
120,false,true,144,1.200000024,0.549998403,0.599998415
120,false,true,145,1.208333357,0.574998379,0.599998415
120,false,true,146,1.216666691,0.599998415,0.649998426
120,false,true,147,1.225000024,0.624998391,0.649998426
120,false,true,148,1.233333358,0.649998426,0.699998438
120,false,true,149,1.241666691,0.674998403,0.699998438
120,false,true,150,1.250000025,0.699998438,0.749998450
120,false,true,151,1.258333358,0.724998415,0.749998450
120,false,true,152,1.266666692,0.749998450,0.799998462
120,false,true,153,1.275000025,0.774998426,0.799998462
120,false,true,154,1.283333359,0.799998462,0.849998474
120,false,true,155,1.291666692,0.824998438,0.849998474
120,false,true,156,1.300000026,0.849998474,0.899998486
120,false,true,157,1.308333359,0.874998450,0.899998486
120,false,true,158,1.316666693,0.899998486,0.949998498
120,false,true,159,1.325000026,0.924998462,0.949998498
120,false,true,160,1.333333360,0.949998498,0.999998510
120,false,true,161,1.341666693,0.974998474,0.999998510
120,false,true,162,1.350000027,0.999998510,1.049998522
120,false,true,163,1.358333360,1.024998426,1.049998522
120,false,true,164,1.366666694,1.049998522,1.099998474
120,false,true,165,1.375000027,1.074998379,1.099998474
120,false,true,166,1.383333361,1.099998474,1.149998426
120,false,true,167,1.391666694,1.124998331,1.149998426
120,false,true,168,1.400000028,1.149998426,1.199998379
120,false,true,169,1.408333361,1.174998283,1.199998379
120,false,true,170,1.416666695,1.199998379,1.249998331
120,false,true,171,1.425000028,1.224998236,1.249998331
120,false,true,172,1.433333362,1.249998331,1.299998283
120,false,true,173,1.441666695,1.274998188,1.299998283
120,false,true,174,1.450000029,1.299998283,1.349998236
120,false,true,175,1.458333362,1.324998140,1.349998236
120,false,true,176,1.466666696,1.349998236,1.399998188
120,false,true,177,1.475000029,1.374998093,1.399998188
120,false,true,178,1.483333363,1.399998188,1.449998140
120,false,true,179,1.491666696,1.424998045,1.449998140
120,false,true,180,1.500000030,1.449998140,1.499998093
120,false,true,181,1.508333363,1.474997997,1.499998093
120,false,true,182,1.516666697,1.499998093,1.549998045
120,false,true,183,1.525000030,1.524997950,1.549998045
120,false,true,184,1.533333364,1.549998045,1.599997997
120,false,true,185,1.541666697,1.574997902,1.599997997
120,false,true,186,1.550000031,1.599997997,1.649997950
120,false,true,187,1.558333364,1.624997854,1.649997950
120,false,true,188,1.566666698,1.649997950,1.699997902
120,false,true,189,1.575000031,1.674997807,1.699997902
120,false,true,190,1.583333365,1.699997902,1.749997854
120,false,true,191,1.591666698,1.724997759,1.749997854
120,false,true,192,1.600000032,1.749997854,1.799997807
120,false,true,193,1.608333365,1.774997711,1.799997807
120,false,true,194,1.616666699,1.799997807,1.849997759
120,false,true,195,1.625000032,1.824997663,1.849997759
120,false,true,196,1.633333366,1.849997759,1.899997711
120,false,true,197,1.641666699,1.874997616,1.899997711
120,false,true,198,1.650000033,1.899997711,1.949997663
120,false,true,199,1.658333366,1.924997568,1.949997663
120,false,true,200,1.666666700,1.949997663,1.999997616
120,false,true,201,1.675000033,1.974997520,1.999997616
120,false,true,202,1.683333367,1.999997616,2.049997568
120,false,true,203,1.691666700,2.024997473,2.049997568
120,false,true,204,1.700000034,2.049997568,2.099997520
120,false,true,205,1.708333367,2.074997425,2.099997520
120,false,true,206,1.716666701,2.099997520,2.149997473
120,false,true,207,1.725000034,2.124997377,2.149997473
120,false,true,208,1.733333368,2.149997473,2.199997425
120,false,true,209,1.741666701,2.174997330,2.199997425
120,false,true,210,1.750000035,2.199997425,2.249997377
120,false,true,211,1.758333368,2.224997282,2.249997377
120,false,true,212,1.766666702,2.249997377,2.299997330
120,false,true,213,1.775000035,2.274997234,2.299997330
120,false,true,214,1.783333369,2.299997330,2.349997282
120,false,true,215,1.791666702,2.324997187,2.349997282
120,false,true,216,1.800000036,2.349997282,2.399997234
120,false,true,217,1.808333369,2.374997139,2.399997234
120,false,true,218,1.816666703,2.399997234,2.449997187
120,false,true,219,1.825000036,2.424997091,2.449997187
120,false,true,220,1.833333370,2.449997187,2.499997139
120,false,true,221,1.841666703,2.474997044,2.499997139
120,false,true,222,1.850000037,2.499997139,2.549997091
120,false,true,223,1.858333370,2.524996996,2.549997091
120,false,true,224,1.866666704,2.549997091,2.599997044
120,false,true,225,1.875000037,2.574996948,2.599997044
120,false,true,226,1.883333371,2.599997044,2.649996996
120,false,true,227,1.891666704,2.624996901,2.649996996
120,false,true,228,1.900000038,2.649996996,2.699996948
120,false,true,229,1.908333371,2.674996853,2.699996948
120,false,true,230,1.916666705,2.699996948,2.749996901
120,false,true,231,1.925000038,2.724996805,2.749996901
120,false,true,232,1.933333372,2.749996901,2.799996853
120,false,true,233,1.941666705,2.774996758,2.799996853
120,false,true,234,1.950000039,2.799996853,2.849996805
120,false,true,235,1.958333372,2.824996710,2.849996805
120,false,true,236,1.966666706,2.849996805,2.899996758
120,false,true,237,1.975000039,2.874996662,2.899996758
120,false,true,238,1.983333373,2.899996758,2.949996710
120,false,true,239,1.991666706,2.924996614,2.949996710
120,true,false,0,0.000000000,-3.000000000,-3.000000000
120,true,false,1,0.008333333,-3.000000000,-3.000000000
120,true,false,2,0.016666667,-2.950000048,-2.950000048
120,true,false,3,0.025000000,-2.950000048,-2.950000048
120,true,false,4,0.033333334,-2.900000095,-2.900000095
120,true,false,5,0.041666667,-2.900000095,-2.900000095
120,true,false,6,0.050000001,-2.850000143,-2.850000143
120,true,false,7,0.058333334,-2.850000143,-2.850000143
120,true,false,8,0.066666668,-2.800000191,-2.800000191
120,true,false,9,0.075000001,-2.800000191,-2.800000191
120,true,false,10,0.083333335,-2.750000238,-2.750000238
120,true,false,11,0.091666668,-2.750000238,-2.750000238
120,true,false,12,0.100000002,-2.700000286,-2.700000286
120,true,false,13,0.108333335,-2.700000286,-2.700000286
120,true,false,14,0.116666669,-2.650000334,-2.650000334
120,true,false,15,0.125000002,-2.650000334,-2.650000334
120,true,false,16,0.133333336,-2.600000381,-2.600000381
120,true,false,17,0.141666669,-2.600000381,-2.600000381
120,true,false,18,0.150000003,-2.550000429,-2.550000429
120,true,false,19,0.158333336,-2.550000429,-2.550000429
120,true,false,20,0.166666670,-2.500000477,-2.500000477
120,true,false,21,0.175000003,-2.500000477,-2.500000477
120,true,false,22,0.183333337,-2.450000525,-2.450000525
120,true,false,23,0.191666670,-2.450000525,-2.450000525
120,true,false,24,0.200000004,-2.400000572,-2.400000572
120,true,false,25,0.208333337,-2.400000572,-2.400000572
120,true,false,26,0.216666671,-2.350000620,-2.350000620
120,true,false,27,0.225000004,-2.350000620,-2.350000620
120,true,false,28,0.233333338,-2.300000668,-2.300000668
120,true,false,29,0.241666671,-2.300000668,-2.300000668
120,true,false,30,0.250000005,-2.250000715,-2.250000715
120,true,false,31,0.258333338,-2.250000715,-2.250000715
120,true,false,32,0.266666672,-2.200000763,-2.200000763
120,true,false,33,0.275000005,-2.200000763,-2.200000763
120,true,false,34,0.283333339,-2.150000811,-2.150000811
120,true,false,35,0.291666672,-2.150000811,-2.150000811
120,true,false,36,0.300000006,-2.100000858,-2.100000858
120,true,false,37,0.308333339,-2.100000858,-2.100000858
120,true,false,38,0.316666673,-2.050000906,-2.050000906
120,true,false,39,0.325000006,-2.050000906,-2.050000906
120,true,false,40,0.333333340,-2.000000954,-2.000000954
120,true,false,41,0.341666673,-2.000000954,-2.000000954
120,true,false,42,0.350000007,-1.950001001,-1.950001001
120,true,false,43,0.358333340,-1.950001001,-1.950001001
120,true,false,44,0.366666674,-1.900001049,-1.900001049
120,true,false,45,0.375000007,-1.900001049,-1.900001049
120,true,false,46,0.383333341,-1.850001097,-1.850001097
120,true,false,47,0.391666674,-1.850001097,-1.850001097
120,true,false,48,0.400000008,-1.800001144,-1.800001144
120,true,false,49,0.408333341,-1.800001144,-1.800001144
120,true,false,50,0.416666675,-1.750001192,-1.750001192
120,true,false,51,0.425000008,-1.750001192,-1.750001192
120,true,false,52,0.433333342,-1.700001240,-1.700001240
120,true,false,53,0.441666675,-1.700001240,-1.700001240
120,true,false,54,0.450000009,-1.650001287,-1.650001287
120,true,false,55,0.458333342,-1.650001287,-1.650001287
120,true,false,56,0.466666676,-1.600001335,-1.600001335
120,true,false,57,0.475000009,-1.600001335,-1.600001335
120,true,false,58,0.483333343,-1.550001383,-1.550001383
120,true,false,59,0.491666676,-1.550001383,-1.550001383
120,true,false,60,0.500000010,-1.500001431,-1.500001431
120,true,false,61,0.508333343,-1.500001431,-1.500001431
120,true,false,62,0.516666677,-1.450001478,-1.450001478
120,true,false,63,0.525000010,-1.450001478,-1.450001478
120,true,false,64,0.533333344,-1.400001526,-1.400001526
120,true,false,65,0.541666677,-1.400001526,-1.400001526
120,true,false,66,0.550000011,-1.350001574,-1.350001574
120,true,false,67,0.558333344,-1.350001574,-1.350001574
120,true,false,68,0.566666678,-1.300001621,-1.300001621
120,true,false,69,0.575000011,-1.300001621,-1.300001621
120,true,false,70,0.583333345,-1.250001669,-1.250001669
120,true,false,71,0.591666678,-1.250001669,-1.250001669
120,true,false,72,0.600000012,-1.200001717,-1.200001717
120,true,false,73,0.608333345,-1.200001717,-1.200001717
120,true,false,74,0.616666679,-1.150001764,-1.150001764
120,true,false,75,0.625000012,-1.150001764,-1.150001764
120,true,false,76,0.633333346,-1.100001812,-1.100001812
120,true,false,77,0.641666679,-1.100001812,-1.100001812
120,true,false,78,0.650000013,-1.050001860,-1.050001860
120,true,false,79,0.658333346,-1.050001860,-1.050001860
120,true,false,80,0.666666680,-1.000001907,-1.000001907
120,true,false,81,0.675000013,-1.000001907,-1.000001907
120,true,false,82,0.683333347,-0.950001895,-0.950001895
120,true,false,83,0.691666680,-0.950001895,-0.950001895
120,true,false,84,0.700000014,-0.900001884,-0.900001884
120,true,false,85,0.708333347,-0.900001884,-0.900001884
120,true,false,86,0.716666681,-0.850001872,-0.850001872
120,true,false,87,0.725000014,-0.850001872,-0.850001872
120,true,false,88,0.733333348,-0.800001860,-0.800001860
120,true,false,89,0.741666681,-0.800001860,-0.800001860
120,true,false,90,0.750000015,-0.750001848,-0.750001848
120,true,false,91,0.758333348,-0.750001848,-0.750001848
120,true,false,92,0.766666682,-0.700001836,-0.700001836
120,true,false,93,0.775000015,-0.700001836,-0.700001836
120,true,false,94,0.783333349,-0.650001824,-0.650001824
120,true,false,95,0.791666682,-0.650001824,-0.650001824
120,true,false,96,0.800000016,-0.600001812,-0.600001812
120,true,false,97,0.808333349,-0.600001812,-0.600001812
120,true,false,98,0.816666683,-0.550001800,-0.550001800
120,true,false,99,0.825000016,-0.550001800,-0.550001800
120,true,false,100,0.833333350,-0.500001788,-0.500001788
120,true,false,101,0.841666683,-0.500001788,-0.500001788
120,true,false,102,0.850000017,-0.450001776,-0.450001776
120,true,false,103,0.858333350,-0.450001776,-0.450001776
120,true,false,104,0.866666684,-0.400001764,-0.400001764
120,true,false,105,0.875000017,-0.400001764,-0.400001764
120,true,false,106,0.883333351,-0.350001752,-0.350001752
120,true,false,107,0.891666684,-0.350001752,-0.350001752
120,true,false,108,0.900000018,-0.300001740,-0.300001740
120,true,false,109,0.908333351,-0.300001740,-0.300001740
120,true,false,110,0.916666685,-0.250001729,-0.250001729
120,true,false,111,0.925000018,-0.250001729,-0.250001729
120,true,false,112,0.933333352,-0.200001717,-0.200001717
120,true,false,113,0.941666685,-0.200001717,-0.200001717
120,true,false,114,0.950000019,-0.150001705,-0.150001705
120,true,false,115,0.958333352,-0.150001705,-0.150001705
120,true,false,116,0.966666686,-0.100001700,-0.100001700
120,true,false,117,0.975000019,-0.100001700,-0.100001700
120,true,false,118,0.983333353,-0.050001696,-0.050001696
120,true,false,119,0.991666686,-0.050001696,-0.050001696
120,true,false,120,1.000000020,-0.000001691,-0.000001691
120,true,false,121,1.008333353,-0.000001691,-0.000001691
120,true,false,122,1.016666687,0.049998313,0.049998313
120,true,false,123,1.025000020,0.049998313,0.049998313
120,true,false,124,1.033333354,0.099998318,0.099998318
120,true,false,125,1.041666687,0.099998318,0.099998318
120,true,false,126,1.050000021,0.149998322,0.149998322
120,true,false,127,1.058333354,0.149998322,0.149998322
120,true,false,128,1.066666688,0.199998319,0.199998319
120,true,false,129,1.075000021,0.199998319,0.199998319
120,true,false,130,1.083333355,0.249998331,0.249998331
120,true,false,131,1.091666688,0.249998331,0.249998331
120,true,false,132,1.100000022,0.299998343,0.299998343
120,true,false,133,1.108333355,0.299998343,0.299998343
120,true,false,134,1.116666689,0.349998355,0.349998355
120,true,false,135,1.125000022,0.349998355,0.349998355
120,true,false,136,1.133333356,0.399998367,0.399998367
120,true,false,137,1.141666689,0.399998367,0.399998367
120,true,false,138,1.150000023,0.449998379,0.449998379
120,true,false,139,1.158333356,0.449998379,0.449998379
120,true,false,140,1.166666690,0.499998391,0.499998391
120,true,false,141,1.175000023,0.499998391,0.499998391
120,true,false,142,1.183333357,0.549998403,0.549998403
120,true,false,143,1.191666690,0.549998403,0.549998403
120,true,false,144,1.200000024,0.599998415,0.599998415
120,true,false,145,1.208333357,0.599998415,0.599998415
120,true,false,146,1.216666691,0.649998426,0.649998426
120,true,false,147,1.225000024,0.649998426,0.649998426
120,true,false,148,1.233333358,0.699998438,0.699998438
120,true,false,149,1.241666691,0.699998438,0.699998438
120,true,false,150,1.250000025,0.749998450,0.749998450
120,true,false,151,1.258333358,0.749998450,0.749998450
120,true,false,152,1.266666692,0.799998462,0.799998462
120,true,false,153,1.275000025,0.799998462,0.799998462
120,true,false,154,1.283333359,0.849998474,0.849998474
120,true,false,155,1.291666692,0.849998474,0.849998474
120,true,false,156,1.300000026,0.899998486,0.899998486
120,true,false,157,1.308333359,0.899998486,0.899998486
120,true,false,158,1.316666693,0.949998498,0.949998498
120,true,false,159,1.325000026,0.949998498,0.949998498
120,true,false,160,1.333333360,0.999998510,0.999998510
120,true,false,161,1.341666693,0.999998510,0.999998510
120,true,false,162,1.350000027,1.049998522,1.049998522
120,true,false,163,1.358333360,1.049998522,1.049998522
120,true,false,164,1.366666694,1.099998474,1.099998474
120,true,false,165,1.375000027,1.099998474,1.099998474
120,true,false,166,1.383333361,1.149998426,1.149998426
120,true,false,167,1.391666694,1.149998426,1.149998426
120,true,false,168,1.400000028,1.199998379,1.199998379
120,true,false,169,1.408333361,1.199998379,1.199998379
120,true,false,170,1.416666695,1.249998331,1.249998331
120,true,false,171,1.425000028,1.249998331,1.249998331
120,true,false,172,1.433333362,1.299998283,1.299998283
120,true,false,173,1.441666695,1.299998283,1.299998283
120,true,false,174,1.450000029,1.349998236,1.349998236
120,true,false,175,1.458333362,1.349998236,1.349998236
120,true,false,176,1.466666696,1.399998188,1.399998188
120,true,false,177,1.475000029,1.399998188,1.399998188
120,true,false,178,1.483333363,1.449998140,1.449998140
120,true,false,179,1.491666696,1.449998140,1.449998140
120,true,false,180,1.500000030,1.499998093,1.499998093
120,true,false,181,1.508333363,1.499998093,1.499998093
120,true,false,182,1.516666697,1.549998045,1.549998045
120,true,false,183,1.525000030,1.549998045,1.549998045
120,true,false,184,1.533333364,1.599997997,1.599997997
120,true,false,185,1.541666697,1.599997997,1.599997997
120,true,false,186,1.550000031,1.649997950,1.649997950
120,true,false,187,1.558333364,1.649997950,1.649997950
120,true,false,188,1.566666698,1.699997902,1.699997902
120,true,false,189,1.575000031,1.699997902,1.699997902
120,true,false,190,1.583333365,1.749997854,1.749997854
120,true,false,191,1.591666698,1.749997854,1.749997854
120,true,false,192,1.600000032,1.799997807,1.799997807
120,true,false,193,1.608333365,1.799997807,1.799997807
120,true,false,194,1.616666699,1.849997759,1.849997759
120,true,false,195,1.625000032,1.849997759,1.849997759
120,true,false,196,1.633333366,1.899997711,1.899997711
120,true,false,197,1.641666699,1.899997711,1.899997711
120,true,false,198,1.650000033,1.949997663,1.949997663
120,true,false,199,1.658333366,1.949997663,1.949997663
120,true,false,200,1.666666700,1.999997616,1.999997616
120,true,false,201,1.675000033,1.999997616,1.999997616
120,true,false,202,1.683333367,2.049997568,2.049997568
120,true,false,203,1.691666700,2.049997568,2.049997568
120,true,false,204,1.700000034,2.099997520,2.099997520
120,true,false,205,1.708333367,2.099997520,2.099997520
120,true,false,206,1.716666701,2.149997473,2.149997473
120,true,false,207,1.725000034,2.149997473,2.149997473
120,true,false,208,1.733333368,2.199997425,2.199997425
120,true,false,209,1.741666701,2.199997425,2.199997425
120,true,false,210,1.750000035,2.249997377,2.249997377
120,true,false,211,1.758333368,2.249997377,2.249997377
120,true,false,212,1.766666702,2.299997330,2.299997330
120,true,false,213,1.775000035,2.299997330,2.299997330
120,true,false,214,1.783333369,2.349997282,2.349997282
120,true,false,215,1.791666702,2.349997282,2.349997282
120,true,false,216,1.800000036,2.399997234,2.399997234
120,true,false,217,1.808333369,2.399997234,2.399997234
120,true,false,218,1.816666703,2.449997187,2.449997187
120,true,false,219,1.825000036,2.449997187,2.449997187
120,true,false,220,1.833333370,2.499997139,2.499997139
120,true,false,221,1.841666703,2.499997139,2.499997139
120,true,false,222,1.850000037,2.549997091,2.549997091
120,true,false,223,1.858333370,2.549997091,2.549997091
120,true,false,224,1.866666704,2.599997044,2.599997044
120,true,false,225,1.875000037,2.599997044,2.599997044
120,true,false,226,1.883333371,2.649996996,2.649996996
120,true,false,227,1.891666704,2.649996996,2.649996996
120,true,false,228,1.900000038,2.699996948,2.699996948
120,true,false,229,1.908333371,2.699996948,2.699996948
120,true,false,230,1.916666705,2.749996901,2.749996901
120,true,false,231,1.925000038,2.749996901,2.749996901
120,true,false,232,1.933333372,2.799996853,2.799996853
120,true,false,233,1.941666705,2.799996853,2.799996853
120,true,false,234,1.950000039,2.849996805,2.849996805
120,true,false,235,1.958333372,2.849996805,2.849996805
120,true,false,236,1.966666706,2.899996758,2.899996758
120,true,false,237,1.975000039,2.899996758,2.899996758
120,true,false,238,1.983333373,2.949996710,2.949996710
120,true,false,239,1.991666706,2.949996710,2.949996710
120,true,true,0,0.000000000,-3.000000000,-3.000000000
120,true,true,1,0.008333333,-3.000000000,-3.000000000
120,true,true,2,0.016666667,-3.000000000,-2.950000048
120,true,true,3,0.025000000,-2.974999905,-2.950000048
120,true,true,4,0.033333334,-2.950000048,-2.900000095
120,true,true,5,0.041666667,-2.924999952,-2.900000095
120,true,true,6,0.050000001,-2.900000095,-2.850000143
120,true,true,7,0.058333334,-2.875000000,-2.850000143
120,true,true,8,0.066666668,-2.850000143,-2.800000191
120,true,true,9,0.075000001,-2.825000048,-2.800000191
120,true,true,10,0.083333335,-2.800000191,-2.750000238
120,true,true,11,0.091666668,-2.775000095,-2.750000238
120,true,true,12,0.100000002,-2.750000238,-2.700000286
120,true,true,13,0.108333335,-2.725000143,-2.700000286
120,true,true,14,0.116666669,-2.700000286,-2.650000334
120,true,true,15,0.125000002,-2.675000191,-2.650000334
120,true,true,16,0.133333336,-2.650000334,-2.600000381
120,true,true,17,0.141666669,-2.625000238,-2.600000381
120,true,true,18,0.150000003,-2.600000381,-2.550000429
120,true,true,19,0.158333336,-2.575000286,-2.550000429
120,true,true,20,0.166666670,-2.550000429,-2.500000477
120,true,true,21,0.175000003,-2.525000334,-2.500000477
120,true,true,22,0.183333337,-2.500000477,-2.450000525
120,true,true,23,0.191666670,-2.475000381,-2.450000525
120,true,true,24,0.200000004,-2.450000525,-2.400000572
120,true,true,25,0.208333337,-2.425000429,-2.400000572
120,true,true,26,0.216666671,-2.400000572,-2.350000620
120,true,true,27,0.225000004,-2.375000477,-2.350000620
120,true,true,28,0.233333338,-2.350000620,-2.300000668
120,true,true,29,0.241666671,-2.325000525,-2.300000668
120,true,true,30,0.250000005,-2.300000668,-2.250000715
120,true,true,31,0.258333338,-2.275000572,-2.250000715
120,true,true,32,0.266666672,-2.250000715,-2.200000763
120,true,true,33,0.275000005,-2.225000620,-2.200000763
120,true,true,34,0.283333339,-2.200000763,-2.150000811
120,true,true,35,0.291666672,-2.175000668,-2.150000811
120,true,true,36,0.300000006,-2.150000811,-2.100000858
120,true,true,37,0.308333339,-2.125000715,-2.100000858
120,true,true,38,0.316666673,-2.100000858,-2.050000906
120,true,true,39,0.325000006,-2.075000763,-2.050000906
120,true,true,40,0.333333340,-2.050000906,-2.000000954
120,true,true,41,0.341666673,-2.025000811,-2.000000954
120,true,true,42,0.350000007,-2.000000954,-1.950001001
120,true,true,43,0.358333340,-1.975000858,-1.950001001
120,true,true,44,0.366666674,-1.950001001,-1.900001049
120,true,true,45,0.375000007,-1.925000906,-1.900001049
120,true,true,46,0.383333341,-1.900001049,-1.850001097
120,true,true,47,0.391666674,-1.875000954,-1.850001097
120,true,true,48,0.400000008,-1.850001097,-1.800001144
120,true,true,49,0.408333341,-1.825001001,-1.800001144
120,true,true,50,0.416666675,-1.800001144,-1.750001192
120,true,true,51,0.425000008,-1.775001049,-1.750001192
120,true,true,52,0.433333342,-1.750001192,-1.700001240
120,true,true,53,0.441666675,-1.725001097,-1.700001240
120,true,true,54,0.450000009,-1.700001240,-1.650001287
120,true,true,55,0.458333342,-1.675001144,-1.650001287
120,true,true,56,0.466666676,-1.650001287,-1.600001335
120,true,true,57,0.475000009,-1.625001192,-1.600001335
120,true,true,58,0.483333343,-1.600001335,-1.550001383
120,true,true,59,0.491666676,-1.575001240,-1.550001383
120,true,true,60,0.500000010,-1.550001383,-1.500001431
120,true,true,61,0.508333343,-1.525001287,-1.500001431
120,true,true,62,0.516666677,-1.500001431,-1.450001478
120,true,true,63,0.525000010,-1.475001335,-1.450001478
120,true,true,64,0.533333344,-1.450001478,-1.400001526
120,true,true,65,0.541666677,-1.425001383,-1.400001526
120,true,true,66,0.550000011,-1.400001526,-1.350001574
120,true,true,67,0.558333344,-1.375001431,-1.350001574
120,true,true,68,0.566666678,-1.350001574,-1.300001621
120,true,true,69,0.575000011,-1.325001478,-1.300001621
120,true,true,70,0.583333345,-1.300001621,-1.250001669
120,true,true,71,0.591666678,-1.275001526,-1.250001669
120,true,true,72,0.600000012,-1.250001669,-1.200001717
120,true,true,73,0.608333345,-1.225001574,-1.200001717
120,true,true,74,0.616666679,-1.200001717,-1.150001764
120,true,true,75,0.625000012,-1.175001621,-1.150001764
120,true,true,76,0.633333346,-1.150001764,-1.100001812
120,true,true,77,0.641666679,-1.125001669,-1.100001812
120,true,true,78,0.650000013,-1.100001812,-1.050001860
120,true,true,79,0.658333346,-1.075001717,-1.050001860
120,true,true,80,0.666666680,-1.050001860,-1.000001907
120,true,true,81,0.675000013,-1.025001764,-1.000001907
120,true,true,82,0.683333347,-1.000001907,-0.950001895
120,true,true,83,0.691666680,-0.975001872,-0.950001895
120,true,true,84,0.700000014,-0.950001895,-0.900001884
120,true,true,85,0.708333347,-0.925001860,-0.900001884
120,true,true,86,0.716666681,-0.900001884,-0.850001872
120,true,true,87,0.725000014,-0.875001848,-0.850001872
120,true,true,88,0.733333348,-0.850001872,-0.800001860
120,true,true,89,0.741666681,-0.825001836,-0.800001860
120,true,true,90,0.750000015,-0.800001860,-0.750001848
120,true,true,91,0.758333348,-0.775001824,-0.750001848
120,true,true,92,0.766666682,-0.750001848,-0.700001836
120,true,true,93,0.775000015,-0.725001812,-0.700001836
120,true,true,94,0.783333349,-0.700001836,-0.650001824
120,true,true,95,0.791666682,-0.675001800,-0.650001824
120,true,true,96,0.800000016,-0.650001824,-0.600001812
120,true,true,97,0.808333349,-0.625001788,-0.600001812
120,true,true,98,0.816666683,-0.600001812,-0.550001800
120,true,true,99,0.825000016,-0.575001776,-0.550001800
120,true,true,100,0.833333350,-0.550001800,-0.500001788
120,true,true,101,0.841666683,-0.525001764,-0.500001788
120,true,true,102,0.850000017,-0.500001788,-0.450001776
120,true,true,103,0.858333350,-0.475001752,-0.450001776
120,true,true,104,0.866666684,-0.450001776,-0.400001764
120,true,true,105,0.875000017,-0.425001740,-0.400001764
120,true,true,106,0.883333351,-0.400001764,-0.350001752
120,true,true,107,0.891666684,-0.375001729,-0.350001752
120,true,true,108,0.900000018,-0.350001752,-0.300001740
120,true,true,109,0.908333351,-0.325001717,-0.300001740
120,true,true,110,0.916666685,-0.300001740,-0.250001729
120,true,true,111,0.925000018,-0.275001705,-0.250001729
120,true,true,112,0.933333352,-0.250001729,-0.200001717
120,true,true,113,0.941666685,-0.225001723,-0.200001717
120,true,true,114,0.950000019,-0.200001717,-0.150001705
120,true,true,115,0.958333352,-0.175001711,-0.150001705
120,true,true,116,0.966666686,-0.150001705,-0.100001700
120,true,true,117,0.975000019,-0.125001699,-0.100001700
120,true,true,118,0.983333353,-0.100001700,-0.050001696
120,true,true,119,0.991666686,-0.075001694,-0.050001696
120,true,true,120,1.000000020,-0.050001696,-0.000001691
120,true,true,121,1.008333353,-0.025001694,-0.000001691
120,true,true,122,1.016666687,-0.000001691,0.049998313
120,true,true,123,1.025000020,0.024998309,0.049998313
120,true,true,124,1.033333354,0.049998313,0.099998318
120,true,true,125,1.041666687,0.074998312,0.099998318
120,true,true,126,1.050000021,0.099998318,0.149998322
120,true,true,127,1.058333354,0.124998316,0.149998322
120,true,true,128,1.066666688,0.149998322,0.199998319
120,true,true,129,1.075000021,0.174998313,0.199998319
120,true,true,130,1.083333355,0.199998319,0.249998331
120,true,true,131,1.091666688,0.224998325,0.249998331
120,true,true,132,1.100000022,0.249998331,0.299998343
120,true,true,133,1.108333355,0.274998307,0.299998343
120,true,true,134,1.116666689,0.299998343,0.349998355
120,true,true,135,1.125000022,0.324998319,0.349998355
120,true,true,136,1.133333356,0.349998355,0.399998367
120,true,true,137,1.141666689,0.374998331,0.399998367
120,true,true,138,1.150000023,0.399998367,0.449998379
120,true,true,139,1.158333356,0.424998343,0.449998379
120,true,true,140,1.166666690,0.449998379,0.499998391
120,true,true,141,1.175000023,0.474998355,0.499998391
120,true,true,142,1.183333357,0.499998391,0.549998403
120,true,true,143,1.191666690,0.524998367,0.549998403
120,true,true,144,1.200000024,0.549998403,0.599998415
120,true,true,145,1.208333357,0.574998379,0.599998415
120,true,true,146,1.216666691,0.599998415,0.649998426
120,true,true,147,1.225000024,0.624998391,0.649998426
120,true,true,148,1.233333358,0.649998426,0.699998438
120,true,true,149,1.241666691,0.674998403,0.699998438
120,true,true,150,1.250000025,0.699998438,0.749998450
120,true,true,151,1.258333358,0.724998415,0.749998450
120,true,true,152,1.266666692,0.749998450,0.799998462
120,true,true,153,1.275000025,0.774998426,0.799998462
120,true,true,154,1.283333359,0.799998462,0.849998474
120,true,true,155,1.291666692,0.824998438,0.849998474
120,true,true,156,1.300000026,0.849998474,0.899998486
120,true,true,157,1.308333359,0.874998450,0.899998486
120,true,true,158,1.316666693,0.899998486,0.949998498
120,true,true,159,1.325000026,0.924998462,0.949998498
120,true,true,160,1.333333360,0.949998498,0.999998510
120,true,true,161,1.341666693,0.974998474,0.999998510
120,true,true,162,1.350000027,0.999998510,1.049998522
120,true,true,163,1.358333360,1.024998426,1.049998522
120,true,true,164,1.366666694,1.049998522,1.099998474
120,true,true,165,1.375000027,1.074998379,1.099998474
120,true,true,166,1.383333361,1.099998474,1.149998426
120,true,true,167,1.391666694,1.124998331,1.149998426
120,true,true,168,1.400000028,1.149998426,1.199998379
120,true,true,169,1.408333361,1.174998283,1.199998379
120,true,true,170,1.416666695,1.199998379,1.249998331
120,true,true,171,1.425000028,1.224998236,1.249998331
120,true,true,172,1.433333362,1.249998331,1.299998283
120,true,true,173,1.441666695,1.274998188,1.299998283
120,true,true,174,1.450000029,1.299998283,1.349998236
120,true,true,175,1.458333362,1.324998140,1.349998236
120,true,true,176,1.466666696,1.349998236,1.399998188
120,true,true,177,1.475000029,1.374998093,1.399998188
120,true,true,178,1.483333363,1.399998188,1.449998140
120,true,true,179,1.491666696,1.424998045,1.449998140
120,true,true,180,1.500000030,1.449998140,1.499998093
120,true,true,181,1.508333363,1.474997997,1.499998093
120,true,true,182,1.516666697,1.499998093,1.549998045
120,true,true,183,1.525000030,1.524997950,1.549998045
120,true,true,184,1.533333364,1.549998045,1.599997997
120,true,true,185,1.541666697,1.574997902,1.599997997
120,true,true,186,1.550000031,1.599997997,1.649997950
120,true,true,187,1.558333364,1.624997854,1.649997950
120,true,true,188,1.566666698,1.649997950,1.699997902
120,true,true,189,1.575000031,1.674997807,1.699997902
120,true,true,190,1.583333365,1.699997902,1.749997854
120,true,true,191,1.591666698,1.724997759,1.749997854
120,true,true,192,1.600000032,1.749997854,1.799997807
120,true,true,193,1.608333365,1.774997711,1.799997807
120,true,true,194,1.616666699,1.799997807,1.849997759
120,true,true,195,1.625000032,1.824997663,1.849997759
120,true,true,196,1.633333366,1.849997759,1.899997711
120,true,true,197,1.641666699,1.874997616,1.899997711
120,true,true,198,1.650000033,1.899997711,1.949997663
120,true,true,199,1.658333366,1.924997568,1.949997663
120,true,true,200,1.666666700,1.949997663,1.999997616
120,true,true,201,1.675000033,1.974997520,1.999997616
120,true,true,202,1.683333367,1.999997616,2.049997568
120,true,true,203,1.691666700,2.024997473,2.049997568
120,true,true,204,1.700000034,2.049997568,2.099997520
120,true,true,205,1.708333367,2.074997425,2.099997520
120,true,true,206,1.716666701,2.099997520,2.149997473
120,true,true,207,1.725000034,2.124997377,2.149997473
120,true,true,208,1.733333368,2.149997473,2.199997425
120,true,true,209,1.741666701,2.174997330,2.199997425
120,true,true,210,1.750000035,2.199997425,2.249997377
120,true,true,211,1.758333368,2.224997282,2.249997377
120,true,true,212,1.766666702,2.249997377,2.299997330
120,true,true,213,1.775000035,2.274997234,2.299997330
120,true,true,214,1.783333369,2.299997330,2.349997282
120,true,true,215,1.791666702,2.324997187,2.349997282
120,true,true,216,1.800000036,2.349997282,2.399997234
120,true,true,217,1.808333369,2.374997139,2.399997234
120,true,true,218,1.816666703,2.399997234,2.449997187
120,true,true,219,1.825000036,2.424997091,2.449997187
120,true,true,220,1.833333370,2.449997187,2.499997139
120,true,true,221,1.841666703,2.474997044,2.499997139
120,true,true,222,1.850000037,2.499997139,2.549997091
120,true,true,223,1.858333370,2.524996996,2.549997091
120,true,true,224,1.866666704,2.549997091,2.599997044
120,true,true,225,1.875000037,2.574996948,2.599997044
120,true,true,226,1.883333371,2.599997044,2.649996996
120,true,true,227,1.891666704,2.624996901,2.649996996
120,true,true,228,1.900000038,2.649996996,2.699996948
120,true,true,229,1.908333371,2.674996853,2.699996948
120,true,true,230,1.916666705,2.699996948,2.749996901
120,true,true,231,1.925000038,2.724996805,2.749996901
120,true,true,232,1.933333372,2.749996901,2.799996853
120,true,true,233,1.941666705,2.774996758,2.799996853
120,true,true,234,1.950000039,2.799996853,2.849996805
120,true,true,235,1.958333372,2.824996710,2.849996805
120,true,true,236,1.966666706,2.849996805,2.899996758
120,true,true,237,1.975000039,2.874996662,2.899996758
120,true,true,238,1.983333373,2.899996758,2.949996710
120,true,true,239,1.991666706,2.924996614,2.949996710
144,false,false,0,0.000000000,-3.000000000,-3.000000000
144,false,false,1,0.006944444,-3.000000000,-3.000000000
144,false,false,2,0.013888889,-3.000000000,-3.000000000
144,false,false,3,0.020833333,-2.950000048,-2.950000048
144,false,false,4,0.027777778,-2.950000048,-2.950000048
144,false,false,5,0.034722222,-2.900000095,-2.900000095
144,false,false,6,0.041666667,-2.900000095,-2.900000095
144,false,false,7,0.048611112,-2.900000095,-2.900000095
144,false,false,8,0.055555556,-2.850000143,-2.850000143
144,false,false,9,0.062500001,-2.850000143,-2.850000143
144,false,false,10,0.069444445,-2.800000191,-2.800000191
144,false,false,11,0.076388890,-2.800000191,-2.800000191
144,false,false,12,0.083333335,-2.750000238,-2.750000238
144,false,false,13,0.090277779,-2.750000238,-2.750000238
144,false,false,14,0.097222224,-2.750000238,-2.750000238
144,false,false,15,0.104166668,-2.700000286,-2.700000286
144,false,false,16,0.111111113,-2.700000286,-2.700000286
144,false,false,17,0.118055557,-2.650000334,-2.650000334
144,false,false,18,0.125000002,-2.650000334,-2.650000334
144,false,false,19,0.131944447,-2.650000334,-2.650000334
144,false,false,20,0.138888891,-2.600000381,-2.600000381
144,false,false,21,0.145833336,-2.600000381,-2.600000381
144,false,false,22,0.152777780,-2.550000429,-2.550000429
144,false,false,23,0.159722225,-2.550000429,-2.550000429
144,false,false,24,0.166666670,-2.500000477,-2.500000477
144,false,false,25,0.173611114,-2.500000477,-2.500000477
144,false,false,26,0.180555559,-2.500000477,-2.500000477
144,false,false,27,0.187500003,-2.450000525,-2.450000525
144,false,false,28,0.194444448,-2.450000525,-2.450000525
144,false,false,29,0.201388892,-2.400000572,-2.400000572
144,false,false,30,0.208333337,-2.400000572,-2.400000572
144,false,false,31,0.215277782,-2.400000572,-2.400000572
144,false,false,32,0.222222226,-2.350000620,-2.350000620
144,false,false,33,0.229166671,-2.350000620,-2.350000620
144,false,false,34,0.236111115,-2.300000668,-2.300000668
144,false,false,35,0.243055560,-2.300000668,-2.300000668
144,false,false,36,0.250000005,-2.250000715,-2.250000715
144,false,false,37,0.256944449,-2.250000715,-2.250000715
144,false,false,38,0.263888894,-2.250000715,-2.250000715
144,false,false,39,0.270833338,-2.200000763,-2.200000763
144,false,false,40,0.277777783,-2.200000763,-2.200000763
144,false,false,41,0.284722227,-2.150000811,-2.150000811
144,false,false,42,0.291666672,-2.150000811,-2.150000811
144,false,false,43,0.298611117,-2.150000811,-2.150000811
144,false,false,44,0.305555561,-2.100000858,-2.100000858
144,false,false,45,0.312500006,-2.100000858,-2.100000858
144,false,false,46,0.319444450,-2.050000906,-2.050000906
144,false,false,47,0.326388895,-2.050000906,-2.050000906
144,false,false,48,0.333333340,-2.000000954,-2.000000954
144,false,false,49,0.340277784,-2.000000954,-2.000000954
144,false,false,50,0.347222229,-2.000000954,-2.000000954
144,false,false,51,0.354166673,-1.950001001,-1.950001001
144,false,false,52,0.361111118,-1.950001001,-1.950001001
144,false,false,53,0.368055562,-1.900001049,-1.900001049
144,false,false,54,0.375000007,-1.900001049,-1.900001049
144,false,false,55,0.381944452,-1.900001049,-1.900001049
144,false,false,56,0.388888896,-1.850001097,-1.850001097
144,false,false,57,0.395833341,-1.850001097,-1.850001097
144,false,false,58,0.402777785,-1.800001144,-1.800001144
144,false,false,59,0.409722230,-1.800001144,-1.800001144
144,false,false,60,0.416666675,-1.750001192,-1.750001192
144,false,false,61,0.423611119,-1.750001192,-1.750001192
144,false,false,62,0.430555564,-1.750001192,-1.750001192
144,false,false,63,0.437500008,-1.700001240,-1.700001240
144,false,false,64,0.444444453,-1.700001240,-1.700001240
144,false,false,65,0.451388897,-1.650001287,-1.650001287
144,false,false,66,0.458333342,-1.650001287,-1.650001287
144,false,false,67,0.465277787,-1.650001287,-1.650001287
144,false,false,68,0.472222231,-1.600001335,-1.600001335
144,false,false,69,0.479166676,-1.600001335,-1.600001335
144,false,false,70,0.486111120,-1.550001383,-1.550001383
144,false,false,71,0.493055565,-1.550001383,-1.550001383
144,false,false,72,0.500000010,-1.500001431,-1.500001431
144,false,false,73,0.506944454,-1.500001431,-1.500001431
144,false,false,74,0.513888899,-1.500001431,-1.500001431
144,false,false,75,0.520833343,-1.450001478,-1.450001478
144,false,false,76,0.527777788,-1.450001478,-1.450001478
144,false,false,77,0.534722232,-1.400001526,-1.400001526
144,false,false,78,0.541666677,-1.400001526,-1.400001526
144,false,false,79,0.548611122,-1.400001526,-1.400001526
144,false,false,80,0.555555566,-1.350001574,-1.350001574
144,false,false,81,0.562500011,-1.350001574,-1.350001574
144,false,false,82,0.569444455,-1.300001621,-1.300001621
144,false,false,83,0.576388900,-1.300001621,-1.300001621
144,false,false,84,0.583333345,-1.250001669,-1.250001669
144,false,false,85,0.590277789,-1.250001669,-1.250001669
144,false,false,86,0.597222234,-1.250001669,-1.250001669
144,false,false,87,0.604166678,-1.200001717,-1.200001717
144,false,false,88,0.611111123,-1.200001717,-1.200001717
144,false,false,89,0.618055567,-1.150001764,-1.150001764
144,false,false,90,0.625000012,-1.150001764,-1.150001764
144,false,false,91,0.631944457,-1.150001764,-1.150001764
144,false,false,92,0.638888901,-1.100001812,-1.100001812
144,false,false,93,0.645833346,-1.100001812,-1.100001812
144,false,false,94,0.652777790,-1.050001860,-1.050001860
144,false,false,95,0.659722235,-1.050001860,-1.050001860
144,false,false,96,0.666666680,-1.000001907,-1.000001907
144,false,false,97,0.673611124,-1.000001907,-1.000001907
144,false,false,98,0.680555569,-1.000001907,-1.000001907
144,false,false,99,0.687500013,-0.950001895,-0.950001895
144,false,false,100,0.694444458,-0.950001895,-0.950001895
144,false,false,101,0.701388902,-0.900001884,-0.900001884
144,false,false,102,0.708333347,-0.900001884,-0.900001884
144,false,false,103,0.715277792,-0.900001884,-0.900001884
144,false,false,104,0.722222236,-0.850001872,-0.850001872
144,false,false,105,0.729166681,-0.850001872,-0.850001872
144,false,false,106,0.736111125,-0.800001860,-0.800001860
144,false,false,107,0.743055570,-0.800001860,-0.800001860
144,false,false,108,0.750000015,-0.750001848,-0.750001848
144,false,false,109,0.756944459,-0.750001848,-0.750001848
144,false,false,110,0.763888904,-0.750001848,-0.750001848
144,false,false,111,0.770833348,-0.700001836,-0.700001836
144,false,false,112,0.777777793,-0.700001836,-0.700001836
144,false,false,113,0.784722237,-0.650001824,-0.650001824
144,false,false,114,0.791666682,-0.650001824,-0.650001824
144,false,false,115,0.798611127,-0.650001824,-0.650001824
144,false,false,116,0.805555571,-0.600001812,-0.600001812
144,false,false,117,0.812500016,-0.600001812,-0.600001812
144,false,false,118,0.819444460,-0.550001800,-0.550001800
144,false,false,119,0.826388905,-0.550001800,-0.550001800
144,false,false,120,0.833333350,-0.500001788,-0.500001788
144,false,false,121,0.840277794,-0.500001788,-0.500001788
144,false,false,122,0.847222239,-0.500001788,-0.500001788
144,false,false,123,0.854166683,-0.450001776,-0.450001776
144,false,false,124,0.861111128,-0.450001776,-0.450001776
144,false,false,125,0.868055572,-0.400001764,-0.400001764
144,false,false,126,0.875000017,-0.400001764,-0.400001764
144,false,false,127,0.881944462,-0.400001764,-0.400001764
144,false,false,128,0.888888906,-0.350001752,-0.350001752
144,false,false,129,0.895833351,-0.350001752,-0.350001752
144,false,false,130,0.902777795,-0.300001740,-0.300001740
144,false,false,131,0.909722240,-0.300001740,-0.300001740
144,false,false,132,0.916666685,-0.250001729,-0.250001729
144,false,false,133,0.923611129,-0.250001729,-0.250001729
144,false,false,134,0.930555574,-0.250001729,-0.250001729
144,false,false,135,0.937500018,-0.200001717,-0.200001717
144,false,false,136,0.944444463,-0.200001717,-0.200001717
144,false,false,137,0.951388907,-0.150001705,-0.150001705
144,false,false,138,0.958333352,-0.150001705,-0.150001705
144,false,false,139,0.965277797,-0.150001705,-0.150001705
144,false,false,140,0.972222241,-0.100001700,-0.100001700
144,false,false,141,0.979166686,-0.100001700,-0.100001700
144,false,false,142,0.986111130,-0.050001696,-0.050001696
144,false,false,143,0.993055575,-0.050001696,-0.050001696
144,false,false,144,1.000000020,-0.000001691,-0.000001691
144,false,false,145,1.006944464,-0.000001691,-0.000001691
144,false,false,146,1.013888909,-0.000001691,-0.000001691
144,false,false,147,1.020833353,0.049998313,0.049998313
144,false,false,148,1.027777798,0.049998313,0.049998313
144,false,false,149,1.034722242,0.099998318,0.099998318
144,false,false,150,1.041666687,0.099998318,0.099998318
144,false,false,151,1.048611132,0.099998318,0.099998318
144,false,false,152,1.055555576,0.149998322,0.149998322
144,false,false,153,1.062500021,0.149998322,0.149998322
144,false,false,154,1.069444465,0.199998319,0.199998319
144,false,false,155,1.076388910,0.199998319,0.199998319
144,false,false,156,1.083333355,0.249998331,0.249998331
144,false,false,157,1.090277799,0.249998331,0.249998331
144,false,false,158,1.097222244,0.249998331,0.249998331
144,false,false,159,1.104166688,0.299998343,0.299998343
144,false,false,160,1.111111133,0.299998343,0.299998343
144,false,false,161,1.118055577,0.349998355,0.349998355
144,false,false,162,1.125000022,0.349998355,0.349998355
144,false,false,163,1.131944467,0.349998355,0.349998355
144,false,false,164,1.138888911,0.399998367,0.399998367
144,false,false,165,1.145833356,0.399998367,0.399998367
144,false,false,166,1.152777800,0.449998379,0.449998379
144,false,false,167,1.159722245,0.449998379,0.449998379
144,false,false,168,1.166666690,0.499998391,0.499998391
144,false,false,169,1.173611134,0.499998391,0.499998391
144,false,false,170,1.180555579,0.499998391,0.499998391
144,false,false,171,1.187500023,0.549998403,0.549998403
144,false,false,172,1.194444468,0.549998403,0.549998403
144,false,false,173,1.201388912,0.599998415,0.599998415
144,false,false,174,1.208333357,0.599998415,0.599998415
144,false,false,175,1.215277802,0.599998415,0.599998415
144,false,false,176,1.222222246,0.649998426,0.649998426
144,false,false,177,1.229166691,0.649998426,0.649998426
144,false,false,178,1.236111135,0.699998438,0.699998438
144,false,false,179,1.243055580,0.699998438,0.699998438
144,false,false,180,1.250000025,0.749998450,0.749998450
144,false,false,181,1.256944469,0.749998450,0.749998450
144,false,false,182,1.263888914,0.749998450,0.749998450
144,false,false,183,1.270833358,0.799998462,0.799998462
144,false,false,184,1.277777803,0.799998462,0.799998462
144,false,false,185,1.284722247,0.849998474,0.849998474
144,false,false,186,1.291666692,0.849998474,0.849998474
144,false,false,187,1.298611137,0.849998474,0.849998474
144,false,false,188,1.305555581,0.899998486,0.899998486
144,false,false,189,1.312500026,0.899998486,0.899998486
144,false,false,190,1.319444470,0.949998498,0.949998498
144,false,false,191,1.326388915,0.949998498,0.949998498
144,false,false,192,1.333333360,0.999998510,0.999998510
144,false,false,193,1.340277804,0.999998510,0.999998510
144,false,false,194,1.347222249,0.999998510,0.999998510
144,false,false,195,1.354166693,1.049998522,1.049998522
144,false,false,196,1.361111138,1.049998522,1.049998522
144,false,false,197,1.368055582,1.099998474,1.099998474
144,false,false,198,1.375000027,1.099998474,1.099998474
144,false,false,199,1.381944472,1.099998474,1.099998474
144,false,false,200,1.388888916,1.149998426,1.149998426
144,false,false,201,1.395833361,1.149998426,1.149998426
144,false,false,202,1.402777805,1.199998379,1.199998379
144,false,false,203,1.409722250,1.199998379,1.199998379
144,false,false,204,1.416666695,1.249998331,1.249998331
144,false,false,205,1.423611139,1.249998331,1.249998331
144,false,false,206,1.430555584,1.249998331,1.249998331
144,false,false,207,1.437500028,1.299998283,1.299998283
144,false,false,208,1.444444473,1.299998283,1.299998283
144,false,false,209,1.451388917,1.349998236,1.349998236
144,false,false,210,1.458333362,1.349998236,1.349998236
144,false,false,211,1.465277807,1.349998236,1.349998236
144,false,false,212,1.472222251,1.399998188,1.399998188
144,false,false,213,1.479166696,1.399998188,1.399998188
144,false,false,214,1.486111140,1.449998140,1.449998140
144,false,false,215,1.493055585,1.449998140,1.449998140
144,false,false,216,1.500000030,1.499998093,1.499998093
144,false,false,217,1.506944474,1.499998093,1.499998093
144,false,false,218,1.513888919,1.499998093,1.499998093
144,false,false,219,1.520833363,1.549998045,1.549998045
144,false,false,220,1.527777808,1.549998045,1.549998045
144,false,false,221,1.534722252,1.599997997,1.599997997
144,false,false,222,1.541666697,1.599997997,1.599997997
144,false,false,223,1.548611142,1.599997997,1.599997997
144,false,false,224,1.555555586,1.649997950,1.649997950
144,false,false,225,1.562500031,1.649997950,1.649997950
144,false,false,226,1.569444475,1.699997902,1.699997902
144,false,false,227,1.576388920,1.699997902,1.699997902
144,false,false,228,1.583333365,1.749997854,1.749997854
144,false,false,229,1.590277809,1.749997854,1.749997854
144,false,false,230,1.597222254,1.749997854,1.749997854
144,false,false,231,1.604166698,1.799997807,1.799997807
144,false,false,232,1.611111143,1.799997807,1.799997807
144,false,false,233,1.618055587,1.849997759,1.849997759
144,false,false,234,1.625000032,1.849997759,1.849997759
144,false,false,235,1.631944477,1.849997759,1.849997759
144,false,false,236,1.638888921,1.899997711,1.899997711
144,false,false,237,1.645833366,1.899997711,1.899997711
144,false,false,238,1.652777810,1.949997663,1.949997663
144,false,false,239,1.659722255,1.949997663,1.949997663
144,false,false,240,1.666666700,1.999997616,1.999997616
144,false,false,241,1.673611144,1.999997616,1.999997616
144,false,false,242,1.680555589,1.999997616,1.999997616
144,false,false,243,1.687500033,2.049997568,2.049997568
144,false,false,244,1.694444478,2.049997568,2.049997568
144,false,false,245,1.701388922,2.099997520,2.099997520
144,false,false,246,1.708333367,2.099997520,2.099997520
144,false,false,247,1.715277812,2.099997520,2.099997520
144,false,false,248,1.722222256,2.149997473,2.149997473
144,false,false,249,1.729166701,2.149997473,2.149997473
144,false,false,250,1.736111145,2.199997425,2.199997425
144,false,false,251,1.743055590,2.199997425,2.199997425
144,false,false,252,1.750000035,2.249997377,2.249997377
144,false,false,253,1.756944479,2.249997377,2.249997377
144,false,false,254,1.763888924,2.249997377,2.249997377
144,false,false,255,1.770833368,2.299997330,2.299997330
144,false,false,256,1.777777813,2.299997330,2.299997330
144,false,false,257,1.784722257,2.349997282,2.349997282
144,false,false,258,1.791666702,2.349997282,2.349997282
144,false,false,259,1.798611147,2.349997282,2.349997282
144,false,false,260,1.805555591,2.399997234,2.399997234
144,false,false,261,1.812500036,2.399997234,2.399997234
144,false,false,262,1.819444480,2.449997187,2.449997187
144,false,false,263,1.826388925,2.449997187,2.449997187
144,false,false,264,1.833333370,2.499997139,2.499997139
144,false,false,265,1.840277814,2.499997139,2.499997139
144,false,false,266,1.847222259,2.499997139,2.499997139
144,false,false,267,1.854166703,2.549997091,2.549997091
144,false,false,268,1.861111148,2.549997091,2.549997091
144,false,false,269,1.868055592,2.599997044,2.599997044
144,false,false,270,1.875000037,2.599997044,2.599997044
144,false,false,271,1.881944482,2.599997044,2.599997044
144,false,false,272,1.888888926,2.649996996,2.649996996
144,false,false,273,1.895833371,2.649996996,2.649996996
144,false,false,274,1.902777815,2.699996948,2.699996948
144,false,false,275,1.909722260,2.699996948,2.699996948
144,false,false,276,1.916666705,2.749996901,2.749996901
144,false,false,277,1.923611149,2.749996901,2.749996901
144,false,false,278,1.930555594,2.749996901,2.749996901
144,false,false,279,1.937500038,2.799996853,2.799996853
144,false,false,280,1.944444483,2.799996853,2.799996853
144,false,false,281,1.951388927,2.849996805,2.849996805
144,false,false,282,1.958333372,2.849996805,2.849996805
144,false,false,283,1.965277817,2.849996805,2.849996805
144,false,false,284,1.972222261,2.899996758,2.899996758
144,false,false,285,1.979166706,2.899996758,2.899996758
144,false,false,286,1.986111150,2.949996710,2.949996710
144,false,false,287,1.993055595,2.949996710,2.949996710
144,false,true,0,0.000000000,-3.000000000,-3.000000000
144,false,true,1,0.006944444,-3.000000000,-3.000000000
144,false,true,2,0.013888889,-3.000000000,-3.000000000
144,false,true,3,0.020833333,-2.987500191,-2.950000048
144,false,true,4,0.027777778,-2.966666698,-2.950000048
144,false,true,5,0.034722222,-2.945833445,-2.900000095
144,false,true,6,0.041666667,-2.924999952,-2.900000095
144,false,true,7,0.048611112,-2.904166698,-2.900000095
144,false,true,8,0.055555556,-2.883333683,-2.850000143
144,false,true,9,0.062500001,-2.862500191,-2.850000143
144,false,true,10,0.069444445,-2.841666698,-2.800000191
144,false,true,11,0.076388890,-2.820833683,-2.800000191
144,false,true,12,0.083333335,-2.800000191,-2.750000238
144,false,true,13,0.090277779,-2.779166937,-2.750000238
144,false,true,14,0.097222224,-2.758333445,-2.750000238
144,false,true,15,0.104166668,-2.737500191,-2.700000286
144,false,true,16,0.111111113,-2.716666937,-2.700000286
144,false,true,17,0.118055557,-2.695833683,-2.650000334
144,false,true,18,0.125000002,-2.675000191,-2.650000334
144,false,true,19,0.131944447,-2.654166937,-2.650000334
144,false,true,20,0.138888891,-2.633333683,-2.600000381
144,false,true,21,0.145833336,-2.612500429,-2.600000381
144,false,true,22,0.152777780,-2.591666937,-2.550000429
144,false,true,23,0.159722225,-2.570833683,-2.550000429
144,false,true,24,0.166666670,-2.550000429,-2.500000477
144,false,true,25,0.173611114,-2.529167175,-2.500000477
144,false,true,26,0.180555559,-2.508333921,-2.500000477
144,false,true,27,0.187500003,-2.487500429,-2.450000525
144,false,true,28,0.194444448,-2.466667175,-2.450000525
144,false,true,29,0.201388892,-2.445833921,-2.400000572
144,false,true,30,0.208333337,-2.425000429,-2.400000572
144,false,true,31,0.215277782,-2.404167175,-2.400000572
144,false,true,32,0.222222226,-2.383334160,-2.350000620
144,false,true,33,0.229166671,-2.362500668,-2.350000620
144,false,true,34,0.236111115,-2.341667175,-2.300000668
144,false,true,35,0.243055560,-2.320834160,-2.300000668
144,false,true,36,0.250000005,-2.300000668,-2.250000715
144,false,true,37,0.256944449,-2.279167414,-2.250000715
144,false,true,38,0.263888894,-2.258334160,-2.250000715
144,false,true,39,0.270833338,-2.237500668,-2.200000763
144,false,true,40,0.277777783,-2.216667414,-2.200000763
144,false,true,41,0.284722227,-2.195834160,-2.150000811
144,false,true,42,0.291666672,-2.175000668,-2.150000811
144,false,true,43,0.298611117,-2.154167414,-2.150000811
144,false,true,44,0.305555561,-2.133334160,-2.100000858
144,false,true,45,0.312500006,-2.112500906,-2.100000858
144,false,true,46,0.319444450,-2.091667652,-2.050000906
144,false,true,47,0.326388895,-2.070834160,-2.050000906
144,false,true,48,0.333333340,-2.050000906,-2.000000954
144,false,true,49,0.340277784,-2.029167652,-2.000000954
144,false,true,50,0.347222229,-2.008334398,-2.000000954
144,false,true,51,0.354166673,-1.987501025,-1.950001001
144,false,true,52,0.361111118,-1.966667652,-1.950001001
144,false,true,53,0.368055562,-1.945834398,-1.900001049
144,false,true,54,0.375000007,-1.925000906,-1.900001049
144,false,true,55,0.381944452,-1.904167652,-1.900001049
144,false,true,56,0.388888896,-1.883334398,-1.850001097
144,false,true,57,0.395833341,-1.862501025,-1.850001097
144,false,true,58,0.402777785,-1.841667771,-1.800001144
144,false,true,59,0.409722230,-1.820834517,-1.800001144
144,false,true,60,0.416666675,-1.800001144,-1.750001192
144,false,true,61,0.423611119,-1.779167891,-1.750001192
144,false,true,62,0.430555564,-1.758334517,-1.750001192
144,false,true,63,0.437500008,-1.737501144,-1.700001240
144,false,true,64,0.444444453,-1.716667891,-1.700001240
144,false,true,65,0.451388897,-1.695834637,-1.650001287
144,false,true,66,0.458333342,-1.675001144,-1.650001287
144,false,true,67,0.465277787,-1.654168010,-1.650001287
144,false,true,68,0.472222231,-1.633334637,-1.600001335
144,false,true,69,0.479166676,-1.612501383,-1.600001335
144,false,true,70,0.486111120,-1.591668010,-1.550001383
144,false,true,71,0.493055565,-1.570834637,-1.550001383
144,false,true,72,0.500000010,-1.550001383,-1.500001431
144,false,true,73,0.506944454,-1.529168129,-1.500001431
144,false,true,74,0.513888899,-1.508334756,-1.500001431
144,false,true,75,0.520833343,-1.487501502,-1.450001478
144,false,true,76,0.527777788,-1.466668129,-1.450001478
144,false,true,77,0.534722232,-1.445834756,-1.400001526
144,false,true,78,0.541666677,-1.425001383,-1.400001526
144,false,true,79,0.548611122,-1.404168129,-1.400001526
144,false,true,80,0.555555566,-1.383334875,-1.350001574
144,false,true,81,0.562500011,-1.362501621,-1.350001574
144,false,true,82,0.569444455,-1.341668129,-1.300001621
144,false,true,83,0.576388900,-1.320834875,-1.300001621
144,false,true,84,0.583333345,-1.300001621,-1.250001669
144,false,true,85,0.590277789,-1.279168367,-1.250001669
144,false,true,86,0.597222234,-1.258334994,-1.250001669
144,false,true,87,0.604166678,-1.237501621,-1.200001717
144,false,true,88,0.611111123,-1.216668367,-1.200001717
144,false,true,89,0.618055567,-1.195835114,-1.150001764
144,false,true,90,0.625000012,-1.175001621,-1.150001764
144,false,true,91,0.631944457,-1.154168487,-1.150001764
144,false,true,92,0.638888901,-1.133335114,-1.100001812
144,false,true,93,0.645833346,-1.112501860,-1.100001812
144,false,true,94,0.652777790,-1.091668487,-1.050001860
144,false,true,95,0.659722235,-1.070835233,-1.050001860
144,false,true,96,0.666666680,-1.050001860,-1.000001907
144,false,true,97,0.673611124,-1.029168606,-1.000001907
144,false,true,98,0.680555569,-1.008335233,-1.000001907
144,false,true,99,0.687500013,-0.987501919,-0.950001895
144,false,true,100,0.694444458,-0.966668606,-0.950001895
144,false,true,101,0.701388902,-0.945835233,-0.900001884
144,false,true,102,0.708333347,-0.925001860,-0.900001884
144,false,true,103,0.715277792,-0.904168546,-0.900001884
144,false,true,104,0.722222236,-0.883335233,-0.850001872
144,false,true,105,0.729166681,-0.862501860,-0.850001872
144,false,true,106,0.736111125,-0.841668487,-0.800001860
144,false,true,107,0.743055570,-0.820835233,-0.800001860
144,false,true,108,0.750000015,-0.800001860,-0.750001848
144,false,true,109,0.756944459,-0.779168487,-0.750001848
144,false,true,110,0.763888904,-0.758335233,-0.750001848
144,false,true,111,0.770833348,-0.737501860,-0.700001836
144,false,true,112,0.777777793,-0.716668487,-0.700001836
144,false,true,113,0.784722237,-0.695835173,-0.650001824
144,false,true,114,0.791666682,-0.675001800,-0.650001824
144,false,true,115,0.798611127,-0.654168487,-0.650001824
144,false,true,116,0.805555571,-0.633335173,-0.600001812
144,false,true,117,0.812500016,-0.612501800,-0.600001812
144,false,true,118,0.819444460,-0.591668487,-0.550001800
144,false,true,119,0.826388905,-0.570835114,-0.550001800
144,false,true,120,0.833333350,-0.550001800,-0.500001788
144,false,true,121,0.840277794,-0.529168487,-0.500001788
144,false,true,122,0.847222239,-0.508335114,-0.500001788
144,false,true,123,0.854166683,-0.487501800,-0.450001776
144,false,true,124,0.861111128,-0.466668457,-0.450001776
144,false,true,125,0.868055572,-0.445835114,-0.400001764
144,false,true,126,0.875000017,-0.425001740,-0.400001764
144,false,true,127,0.881944462,-0.404168427,-0.400001764
144,false,true,128,0.888888906,-0.383335114,-0.350001752
144,false,true,129,0.895833351,-0.362501740,-0.350001752
144,false,true,130,0.902777795,-0.341668427,-0.300001740
144,false,true,131,0.909722240,-0.320835084,-0.300001740
144,false,true,132,0.916666685,-0.300001740,-0.250001729
144,false,true,133,0.923611129,-0.279168397,-0.250001729
144,false,true,134,0.930555574,-0.258335054,-0.250001729
144,false,true,135,0.937500018,-0.237501740,-0.200001717
144,false,true,136,0.944444463,-0.216668397,-0.200001717
144,false,true,137,0.951388907,-0.195835054,-0.150001705
144,false,true,138,0.958333352,-0.175001711,-0.150001705
144,false,true,139,0.965277797,-0.154168367,-0.150001705
144,false,true,140,0.972222241,-0.133335039,-0.100001700
144,false,true,141,0.979166686,-0.112501703,-0.100001700
144,false,true,142,0.986111130,-0.091668367,-0.050001696
144,false,true,143,0.993055575,-0.070835032,-0.050001696
144,false,true,144,1.000000020,-0.050001696,-0.000001691
144,false,true,145,1.006944464,-0.029168362,-0.000001691
144,false,true,146,1.013888909,-0.008335026,-0.000001691
144,false,true,147,1.020833353,0.012498308,0.049998313
144,false,true,148,1.027777798,0.033331644,0.049998313
144,false,true,149,1.034722242,0.054164980,0.099998318
144,false,true,150,1.041666687,0.074998312,0.099998318
144,false,true,151,1.048611132,0.095831655,0.099998318
144,false,true,152,1.055555576,0.116664991,0.149998322
144,false,true,153,1.062500021,0.137498319,0.149998322
144,false,true,154,1.069444465,0.158331648,0.199998319
144,false,true,155,1.076388910,0.179164991,0.199998319
144,false,true,156,1.083333355,0.199998319,0.249998331
144,false,true,157,1.090277799,0.220831662,0.249998331
144,false,true,158,1.097222244,0.241665006,0.249998331
144,false,true,159,1.104166688,0.262498319,0.299998343
144,false,true,160,1.111111133,0.283331662,0.299998343
144,false,true,161,1.118055577,0.304165035,0.349998355
144,false,true,162,1.125000022,0.324998319,0.349998355
144,false,true,163,1.131944467,0.345831692,0.349998355
144,false,true,164,1.138888911,0.366665035,0.399998367
144,false,true,165,1.145833356,0.387498349,0.399998367
144,false,true,166,1.152777800,0.408331692,0.449998379
144,false,true,167,1.159722245,0.429165035,0.449998379
144,false,true,168,1.166666690,0.449998379,0.499998391
144,false,true,169,1.173611134,0.470831692,0.499998391
144,false,true,170,1.180555579,0.491665065,0.499998391
144,false,true,171,1.187500023,0.512498379,0.549998403
144,false,true,172,1.194444468,0.533331752,0.549998403
144,false,true,173,1.201388912,0.554165065,0.599998415
144,false,true,174,1.208333357,0.574998379,0.599998415
144,false,true,175,1.215277802,0.595831752,0.599998415
144,false,true,176,1.222222246,0.616665125,0.649998426
144,false,true,177,1.229166691,0.637498438,0.649998426
144,false,true,178,1.236111135,0.658331752,0.699998438
144,false,true,179,1.243055580,0.679165125,0.699998438
144,false,true,180,1.250000025,0.699998438,0.749998450
144,false,true,181,1.256944469,0.720831752,0.749998450
144,false,true,182,1.263888914,0.741665125,0.749998450
144,false,true,183,1.270833358,0.762498438,0.799998462
144,false,true,184,1.277777803,0.783331811,0.799998462
144,false,true,185,1.284722247,0.804165125,0.849998474
144,false,true,186,1.291666692,0.824998438,0.849998474
144,false,true,187,1.298611137,0.845831811,0.849998474
144,false,true,188,1.305555581,0.866665125,0.899998486
144,false,true,189,1.312500026,0.887498498,0.899998486
144,false,true,190,1.319444470,0.908331752,0.949998498
144,false,true,191,1.326388915,0.929165125,0.949998498
144,false,true,192,1.333333360,0.949998498,0.999998510
144,false,true,193,1.340277804,0.970831871,0.999998510
144,false,true,194,1.347222249,0.991665184,0.999998510
144,false,true,195,1.354166693,1.012498498,1.049998522
144,false,true,196,1.361111138,1.033331871,1.049998522
144,false,true,197,1.368055582,1.054165244,1.099998474
144,false,true,198,1.375000027,1.074998379,1.099998474
144,false,true,199,1.381944472,1.095831871,1.099998474
144,false,true,200,1.388888916,1.116665125,1.149998426
144,false,true,201,1.395833361,1.137498379,1.149998426
144,false,true,202,1.402777805,1.158331752,1.199998379
144,false,true,203,1.409722250,1.179165125,1.199998379
144,false,true,204,1.416666695,1.199998379,1.249998331
144,false,true,205,1.423611139,1.220831633,1.249998331
144,false,true,206,1.430555584,1.241664886,1.249998331
144,false,true,207,1.437500028,1.262498379,1.299998283
144,false,true,208,1.444444473,1.283331633,1.299998283
144,false,true,209,1.451388917,1.304164886,1.349998236
144,false,true,210,1.458333362,1.324998140,1.349998236
144,false,true,211,1.465277807,1.345831513,1.349998236
144,false,true,212,1.472222251,1.366664886,1.399998188
144,false,true,213,1.479166696,1.387498140,1.399998188
144,false,true,214,1.486111140,1.408331513,1.449998140
144,false,true,215,1.493055585,1.429164886,1.449998140
144,false,true,216,1.500000030,1.449998140,1.499998093
144,false,true,217,1.506944474,1.470831394,1.499998093
144,false,true,218,1.513888919,1.491664767,1.499998093
144,false,true,219,1.520833363,1.512498140,1.549998045
144,false,true,220,1.527777808,1.533331394,1.549998045
144,false,true,221,1.534722252,1.554164767,1.599997997
144,false,true,222,1.541666697,1.574997902,1.599997997
144,false,true,223,1.548611142,1.595831394,1.599997997
144,false,true,224,1.555555586,1.616664648,1.649997950
144,false,true,225,1.562500031,1.637498021,1.649997950
144,false,true,226,1.569444475,1.658331156,1.699997902
144,false,true,227,1.576388920,1.679164648,1.699997902
144,false,true,228,1.583333365,1.699997902,1.749997854
144,false,true,229,1.590277809,1.720831156,1.749997854
144,false,true,230,1.597222254,1.741664410,1.749997854
144,false,true,231,1.604166698,1.762497783,1.799997807
144,false,true,232,1.611111143,1.783331156,1.799997807
144,false,true,233,1.618055587,1.804164529,1.849997759
144,false,true,234,1.625000032,1.824997663,1.849997759
144,false,true,235,1.631944477,1.845831037,1.849997759
144,false,true,236,1.638888921,1.866664529,1.899997711
144,false,true,237,1.645833366,1.887497663,1.899997711
144,false,true,238,1.652777810,1.908330917,1.949997663
144,false,true,239,1.659722255,1.929164410,1.949997663
144,false,true,240,1.666666700,1.949997663,1.999997616
144,false,true,241,1.673611144,1.970830917,1.999997616
144,false,true,242,1.680555589,1.991664290,1.999997616
144,false,true,243,1.687500033,2.012497663,2.049997568
144,false,true,244,1.694444478,2.033330917,2.049997568
144,false,true,245,1.701388922,2.054164171,2.099997520
144,false,true,246,1.708333367,2.074997425,2.099997520
144,false,true,247,1.715277812,2.095830917,2.099997520
144,false,true,248,1.722222256,2.116664410,2.149997473
144,false,true,249,1.729166701,2.137497425,2.149997473
144,false,true,250,1.736111145,2.158330679,2.199997425
144,false,true,251,1.743055590,2.179163933,2.199997425
144,false,true,252,1.750000035,2.199997425,2.249997377
144,false,true,253,1.756944479,2.220830679,2.249997377
144,false,true,254,1.763888924,2.241663933,2.249997377
144,false,true,255,1.770833368,2.262497425,2.299997330
144,false,true,256,1.777777813,2.283330679,2.299997330
144,false,true,257,1.784722257,2.304163933,2.349997282
144,false,true,258,1.791666702,2.324997187,2.349997282
144,false,true,259,1.798611147,2.345830679,2.349997282
144,false,true,260,1.805555591,2.366663933,2.399997234
144,false,true,261,1.812500036,2.387497187,2.399997234
144,false,true,262,1.819444480,2.408330441,2.449997187
144,false,true,263,1.826388925,2.429163933,2.449997187
144,false,true,264,1.833333370,2.449997187,2.499997139
144,false,true,265,1.840277814,2.470830441,2.499997139
144,false,true,266,1.847222259,2.491663694,2.499997139
144,false,true,267,1.854166703,2.512497187,2.549997091
144,false,true,268,1.861111148,2.533330441,2.549997091
144,false,true,269,1.868055592,2.554163694,2.599997044
144,false,true,270,1.875000037,2.574996948,2.599997044
144,false,true,271,1.881944482,2.595830202,2.599997044
144,false,true,272,1.888888926,2.616663694,2.649996996
144,false,true,273,1.895833371,2.637496948,2.649996996
144,false,true,274,1.902777815,2.658330202,2.699996948
144,false,true,275,1.909722260,2.679163456,2.699996948
144,false,true,276,1.916666705,2.699996948,2.749996901
144,false,true,277,1.923611149,2.720830441,2.749996901
144,false,true,278,1.930555594,2.741663694,2.749996901
144,false,true,279,1.937500038,2.762496948,2.799996853
144,false,true,280,1.944444483,2.783330202,2.799996853
144,false,true,281,1.951388927,2.804163456,2.849996805
144,false,true,282,1.958333372,2.824996710,2.849996805
144,false,true,283,1.965277817,2.845830202,2.849996805
144,false,true,284,1.972222261,2.866663456,2.899996758
144,false,true,285,1.979166706,2.887496710,2.899996758
144,false,true,286,1.986111150,2.908329964,2.949996710
144,false,true,287,1.993055595,2.929163456,2.949996710
144,true,false,0,0.000000000,-3.000000000,-3.000000000
144,true,false,1,0.006944444,-3.000000000,-3.000000000
144,true,false,2,0.013888889,-3.000000000,-3.000000000
144,true,false,3,0.020833333,-2.950000048,-2.950000048
144,true,false,4,0.027777778,-2.950000048,-2.950000048
144,true,false,5,0.034722222,-2.900000095,-2.900000095
144,true,false,6,0.041666667,-2.900000095,-2.900000095
144,true,false,7,0.048611112,-2.900000095,-2.900000095
144,true,false,8,0.055555556,-2.850000143,-2.850000143
144,true,false,9,0.062500001,-2.850000143,-2.850000143
144,true,false,10,0.069444445,-2.800000191,-2.800000191
144,true,false,11,0.076388890,-2.800000191,-2.800000191
144,true,false,12,0.083333335,-2.750000238,-2.750000238
144,true,false,13,0.090277779,-2.750000238,-2.750000238
144,true,false,14,0.097222224,-2.750000238,-2.750000238
144,true,false,15,0.104166668,-2.700000286,-2.700000286
144,true,false,16,0.111111113,-2.700000286,-2.700000286
144,true,false,17,0.118055557,-2.650000334,-2.650000334
144,true,false,18,0.125000002,-2.650000334,-2.650000334
144,true,false,19,0.131944447,-2.650000334,-2.650000334
144,true,false,20,0.138888891,-2.600000381,-2.600000381
144,true,false,21,0.145833336,-2.600000381,-2.600000381
144,true,false,22,0.152777780,-2.550000429,-2.550000429
144,true,false,23,0.159722225,-2.550000429,-2.550000429
144,true,false,24,0.166666670,-2.500000477,-2.500000477
144,true,false,25,0.173611114,-2.500000477,-2.500000477
144,true,false,26,0.180555559,-2.500000477,-2.500000477
144,true,false,27,0.187500003,-2.450000525,-2.450000525
144,true,false,28,0.194444448,-2.450000525,-2.450000525
144,true,false,29,0.201388892,-2.400000572,-2.400000572
144,true,false,30,0.208333337,-2.400000572,-2.400000572
144,true,false,31,0.215277782,-2.400000572,-2.400000572
144,true,false,32,0.222222226,-2.350000620,-2.350000620
144,true,false,33,0.229166671,-2.350000620,-2.350000620
144,true,false,34,0.236111115,-2.300000668,-2.300000668
144,true,false,35,0.243055560,-2.300000668,-2.300000668
144,true,false,36,0.250000005,-2.250000715,-2.250000715
144,true,false,37,0.256944449,-2.250000715,-2.250000715
144,true,false,38,0.263888894,-2.250000715,-2.250000715
144,true,false,39,0.270833338,-2.200000763,-2.200000763
144,true,false,40,0.277777783,-2.200000763,-2.200000763
144,true,false,41,0.284722227,-2.150000811,-2.150000811
144,true,false,42,0.291666672,-2.150000811,-2.150000811
144,true,false,43,0.298611117,-2.150000811,-2.150000811
144,true,false,44,0.305555561,-2.100000858,-2.100000858
144,true,false,45,0.312500006,-2.100000858,-2.100000858
144,true,false,46,0.319444450,-2.050000906,-2.050000906
144,true,false,47,0.326388895,-2.050000906,-2.050000906
144,true,false,48,0.333333340,-2.000000954,-2.000000954
144,true,false,49,0.340277784,-2.000000954,-2.000000954
144,true,false,50,0.347222229,-2.000000954,-2.000000954
144,true,false,51,0.354166673,-1.950001001,-1.950001001
144,true,false,52,0.361111118,-1.950001001,-1.950001001
144,true,false,53,0.368055562,-1.900001049,-1.900001049
144,true,false,54,0.375000007,-1.900001049,-1.900001049
144,true,false,55,0.381944452,-1.900001049,-1.900001049
144,true,false,56,0.388888896,-1.850001097,-1.850001097
144,true,false,57,0.395833341,-1.850001097,-1.850001097
144,true,false,58,0.402777785,-1.800001144,-1.800001144
144,true,false,59,0.409722230,-1.800001144,-1.800001144
144,true,false,60,0.416666675,-1.750001192,-1.750001192
144,true,false,61,0.423611119,-1.750001192,-1.750001192
144,true,false,62,0.430555564,-1.750001192,-1.750001192
144,true,false,63,0.437500008,-1.700001240,-1.700001240
144,true,false,64,0.444444453,-1.700001240,-1.700001240
144,true,false,65,0.451388897,-1.650001287,-1.650001287
144,true,false,66,0.458333342,-1.650001287,-1.650001287
144,true,false,67,0.465277787,-1.650001287,-1.650001287
144,true,false,68,0.472222231,-1.600001335,-1.600001335
144,true,false,69,0.479166676,-1.600001335,-1.600001335
144,true,false,70,0.486111120,-1.550001383,-1.550001383
144,true,false,71,0.493055565,-1.550001383,-1.550001383
144,true,false,72,0.500000010,-1.500001431,-1.500001431
144,true,false,73,0.506944454,-1.500001431,-1.500001431
144,true,false,74,0.513888899,-1.500001431,-1.500001431
144,true,false,75,0.520833343,-1.450001478,-1.450001478
144,true,false,76,0.527777788,-1.450001478,-1.450001478
144,true,false,77,0.534722232,-1.400001526,-1.400001526
144,true,false,78,0.541666677,-1.400001526,-1.400001526
144,true,false,79,0.548611122,-1.400001526,-1.400001526
144,true,false,80,0.555555566,-1.350001574,-1.350001574
144,true,false,81,0.562500011,-1.350001574,-1.350001574
144,true,false,82,0.569444455,-1.300001621,-1.300001621
144,true,false,83,0.576388900,-1.300001621,-1.300001621
144,true,false,84,0.583333345,-1.250001669,-1.250001669
144,true,false,85,0.590277789,-1.250001669,-1.250001669
144,true,false,86,0.597222234,-1.250001669,-1.250001669
144,true,false,87,0.604166678,-1.200001717,-1.200001717
144,true,false,88,0.611111123,-1.200001717,-1.200001717
144,true,false,89,0.618055567,-1.150001764,-1.150001764
144,true,false,90,0.625000012,-1.150001764,-1.150001764
144,true,false,91,0.631944457,-1.150001764,-1.150001764
144,true,false,92,0.638888901,-1.100001812,-1.100001812
144,true,false,93,0.645833346,-1.100001812,-1.100001812
144,true,false,94,0.652777790,-1.050001860,-1.050001860
144,true,false,95,0.659722235,-1.050001860,-1.050001860
144,true,false,96,0.666666680,-1.000001907,-1.000001907
144,true,false,97,0.673611124,-1.000001907,-1.000001907
144,true,false,98,0.680555569,-1.000001907,-1.000001907
144,true,false,99,0.687500013,-0.950001895,-0.950001895
144,true,false,100,0.694444458,-0.950001895,-0.950001895
144,true,false,101,0.701388902,-0.900001884,-0.900001884
144,true,false,102,0.708333347,-0.900001884,-0.900001884
144,true,false,103,0.715277792,-0.900001884,-0.900001884
144,true,false,104,0.722222236,-0.850001872,-0.850001872
144,true,false,105,0.729166681,-0.850001872,-0.850001872
144,true,false,106,0.736111125,-0.800001860,-0.800001860
144,true,false,107,0.743055570,-0.800001860,-0.800001860
144,true,false,108,0.750000015,-0.750001848,-0.750001848
144,true,false,109,0.756944459,-0.750001848,-0.750001848
144,true,false,110,0.763888904,-0.750001848,-0.750001848
144,true,false,111,0.770833348,-0.700001836,-0.700001836
144,true,false,112,0.777777793,-0.700001836,-0.700001836
144,true,false,113,0.784722237,-0.650001824,-0.650001824
144,true,false,114,0.791666682,-0.650001824,-0.650001824
144,true,false,115,0.798611127,-0.650001824,-0.650001824
144,true,false,116,0.805555571,-0.600001812,-0.600001812
144,true,false,117,0.812500016,-0.600001812,-0.600001812
144,true,false,118,0.819444460,-0.550001800,-0.550001800
144,true,false,119,0.826388905,-0.550001800,-0.550001800
144,true,false,120,0.833333350,-0.500001788,-0.500001788
144,true,false,121,0.840277794,-0.500001788,-0.500001788
144,true,false,122,0.847222239,-0.500001788,-0.500001788
144,true,false,123,0.854166683,-0.450001776,-0.450001776
144,true,false,124,0.861111128,-0.450001776,-0.450001776
144,true,false,125,0.868055572,-0.400001764,-0.400001764
144,true,false,126,0.875000017,-0.400001764,-0.400001764
144,true,false,127,0.881944462,-0.400001764,-0.400001764
144,true,false,128,0.888888906,-0.350001752,-0.350001752
144,true,false,129,0.895833351,-0.350001752,-0.350001752
144,true,false,130,0.902777795,-0.300001740,-0.300001740
144,true,false,131,0.909722240,-0.300001740,-0.300001740
144,true,false,132,0.916666685,-0.250001729,-0.250001729
144,true,false,133,0.923611129,-0.250001729,-0.250001729
144,true,false,134,0.930555574,-0.250001729,-0.250001729
144,true,false,135,0.937500018,-0.200001717,-0.200001717
144,true,false,136,0.944444463,-0.200001717,-0.200001717
144,true,false,137,0.951388907,-0.150001705,-0.150001705
144,true,false,138,0.958333352,-0.150001705,-0.150001705
144,true,false,139,0.965277797,-0.150001705,-0.150001705
144,true,false,140,0.972222241,-0.100001700,-0.100001700
144,true,false,141,0.979166686,-0.100001700,-0.100001700
144,true,false,142,0.986111130,-0.050001696,-0.050001696
144,true,false,143,0.993055575,-0.050001696,-0.050001696
144,true,false,144,1.000000020,-0.000001691,-0.000001691
144,true,false,145,1.006944464,-0.000001691,-0.000001691
144,true,false,146,1.013888909,-0.000001691,-0.000001691
144,true,false,147,1.020833353,0.049998313,0.049998313
144,true,false,148,1.027777798,0.049998313,0.049998313
144,true,false,149,1.034722242,0.099998318,0.099998318
144,true,false,150,1.041666687,0.099998318,0.099998318
144,true,false,151,1.048611132,0.099998318,0.099998318
144,true,false,152,1.055555576,0.149998322,0.149998322
144,true,false,153,1.062500021,0.149998322,0.149998322
144,true,false,154,1.069444465,0.199998319,0.199998319
144,true,false,155,1.076388910,0.199998319,0.199998319
144,true,false,156,1.083333355,0.249998331,0.249998331
144,true,false,157,1.090277799,0.249998331,0.249998331
144,true,false,158,1.097222244,0.249998331,0.249998331
144,true,false,159,1.104166688,0.299998343,0.299998343
144,true,false,160,1.111111133,0.299998343,0.299998343
144,true,false,161,1.118055577,0.349998355,0.349998355
144,true,false,162,1.125000022,0.349998355,0.349998355
144,true,false,163,1.131944467,0.349998355,0.349998355
144,true,false,164,1.138888911,0.399998367,0.399998367
144,true,false,165,1.145833356,0.399998367,0.399998367
144,true,false,166,1.152777800,0.449998379,0.449998379
144,true,false,167,1.159722245,0.449998379,0.449998379
144,true,false,168,1.166666690,0.499998391,0.499998391
144,true,false,169,1.173611134,0.499998391,0.499998391
144,true,false,170,1.180555579,0.499998391,0.499998391
144,true,false,171,1.187500023,0.549998403,0.549998403
144,true,false,172,1.194444468,0.549998403,0.549998403
144,true,false,173,1.201388912,0.599998415,0.599998415
144,true,false,174,1.208333357,0.599998415,0.599998415
144,true,false,175,1.215277802,0.599998415,0.599998415
144,true,false,176,1.222222246,0.649998426,0.649998426
144,true,false,177,1.229166691,0.649998426,0.649998426
144,true,false,178,1.236111135,0.699998438,0.699998438
144,true,false,179,1.243055580,0.699998438,0.699998438
144,true,false,180,1.250000025,0.749998450,0.749998450
144,true,false,181,1.256944469,0.749998450,0.749998450
144,true,false,182,1.263888914,0.749998450,0.749998450
144,true,false,183,1.270833358,0.799998462,0.799998462
144,true,false,184,1.277777803,0.799998462,0.799998462
144,true,false,185,1.284722247,0.849998474,0.849998474
144,true,false,186,1.291666692,0.849998474,0.849998474
144,true,false,187,1.298611137,0.849998474,0.849998474
144,true,false,188,1.305555581,0.899998486,0.899998486
144,true,false,189,1.312500026,0.899998486,0.899998486
144,true,false,190,1.319444470,0.949998498,0.949998498
144,true,false,191,1.326388915,0.949998498,0.949998498
144,true,false,192,1.333333360,0.999998510,0.999998510
144,true,false,193,1.340277804,0.999998510,0.999998510
144,true,false,194,1.347222249,0.999998510,0.999998510
144,true,false,195,1.354166693,1.049998522,1.049998522
144,true,false,196,1.361111138,1.049998522,1.049998522
144,true,false,197,1.368055582,1.099998474,1.099998474
144,true,false,198,1.375000027,1.099998474,1.099998474
144,true,false,199,1.381944472,1.099998474,1.099998474
144,true,false,200,1.388888916,1.149998426,1.149998426
144,true,false,201,1.395833361,1.149998426,1.149998426
144,true,false,202,1.402777805,1.199998379,1.199998379
144,true,false,203,1.409722250,1.199998379,1.199998379
144,true,false,204,1.416666695,1.249998331,1.249998331
144,true,false,205,1.423611139,1.249998331,1.249998331
144,true,false,206,1.430555584,1.249998331,1.249998331
144,true,false,207,1.437500028,1.299998283,1.299998283
144,true,false,208,1.444444473,1.299998283,1.299998283
144,true,false,209,1.451388917,1.349998236,1.349998236
144,true,false,210,1.458333362,1.349998236,1.349998236
144,true,false,211,1.465277807,1.349998236,1.349998236
144,true,false,212,1.472222251,1.399998188,1.399998188
144,true,false,213,1.479166696,1.399998188,1.399998188
144,true,false,214,1.486111140,1.449998140,1.449998140
144,true,false,215,1.493055585,1.449998140,1.449998140
144,true,false,216,1.500000030,1.499998093,1.499998093
144,true,false,217,1.506944474,1.499998093,1.499998093
144,true,false,218,1.513888919,1.499998093,1.499998093
144,true,false,219,1.520833363,1.549998045,1.549998045
144,true,false,220,1.527777808,1.549998045,1.549998045
144,true,false,221,1.534722252,1.599997997,1.599997997
144,true,false,222,1.541666697,1.599997997,1.599997997
144,true,false,223,1.548611142,1.599997997,1.599997997
144,true,false,224,1.555555586,1.649997950,1.649997950
144,true,false,225,1.562500031,1.649997950,1.649997950
144,true,false,226,1.569444475,1.699997902,1.699997902
144,true,false,227,1.576388920,1.699997902,1.699997902
144,true,false,228,1.583333365,1.749997854,1.749997854
144,true,false,229,1.590277809,1.749997854,1.749997854
144,true,false,230,1.597222254,1.749997854,1.749997854
144,true,false,231,1.604166698,1.799997807,1.799997807
144,true,false,232,1.611111143,1.799997807,1.799997807
144,true,false,233,1.618055587,1.849997759,1.849997759
144,true,false,234,1.625000032,1.849997759,1.849997759
144,true,false,235,1.631944477,1.849997759,1.849997759
144,true,false,236,1.638888921,1.899997711,1.899997711
144,true,false,237,1.645833366,1.899997711,1.899997711
144,true,false,238,1.652777810,1.949997663,1.949997663
144,true,false,239,1.659722255,1.949997663,1.949997663
144,true,false,240,1.666666700,1.999997616,1.999997616
144,true,false,241,1.673611144,1.999997616,1.999997616
144,true,false,242,1.680555589,1.999997616,1.999997616
144,true,false,243,1.687500033,2.049997568,2.049997568
144,true,false,244,1.694444478,2.049997568,2.049997568
144,true,false,245,1.701388922,2.099997520,2.099997520
144,true,false,246,1.708333367,2.099997520,2.099997520
144,true,false,247,1.715277812,2.099997520,2.099997520
144,true,false,248,1.722222256,2.149997473,2.149997473
144,true,false,249,1.729166701,2.149997473,2.149997473
144,true,false,250,1.736111145,2.199997425,2.199997425
144,true,false,251,1.743055590,2.199997425,2.199997425
144,true,false,252,1.750000035,2.249997377,2.249997377
144,true,false,253,1.756944479,2.249997377,2.249997377
144,true,false,254,1.763888924,2.249997377,2.249997377
144,true,false,255,1.770833368,2.299997330,2.299997330
144,true,false,256,1.777777813,2.299997330,2.299997330
144,true,false,257,1.784722257,2.349997282,2.349997282
144,true,false,258,1.791666702,2.349997282,2.349997282
144,true,false,259,1.798611147,2.349997282,2.349997282
144,true,false,260,1.805555591,2.399997234,2.399997234
144,true,false,261,1.812500036,2.399997234,2.399997234
144,true,false,262,1.819444480,2.449997187,2.449997187
144,true,false,263,1.826388925,2.449997187,2.449997187
144,true,false,264,1.833333370,2.499997139,2.499997139
144,true,false,265,1.840277814,2.499997139,2.499997139
144,true,false,266,1.847222259,2.499997139,2.499997139
144,true,false,267,1.854166703,2.549997091,2.549997091
144,true,false,268,1.861111148,2.549997091,2.549997091
144,true,false,269,1.868055592,2.599997044,2.599997044
144,true,false,270,1.875000037,2.599997044,2.599997044
144,true,false,271,1.881944482,2.599997044,2.599997044
144,true,false,272,1.888888926,2.649996996,2.649996996
144,true,false,273,1.895833371,2.649996996,2.649996996
144,true,false,274,1.902777815,2.699996948,2.699996948
144,true,false,275,1.909722260,2.699996948,2.699996948
144,true,false,276,1.916666705,2.749996901,2.749996901
144,true,false,277,1.923611149,2.749996901,2.749996901
144,true,false,278,1.930555594,2.749996901,2.749996901
144,true,false,279,1.937500038,2.799996853,2.799996853
144,true,false,280,1.944444483,2.799996853,2.799996853
144,true,false,281,1.951388927,2.849996805,2.849996805
144,true,false,282,1.958333372,2.849996805,2.849996805
144,true,false,283,1.965277817,2.849996805,2.849996805
144,true,false,284,1.972222261,2.899996758,2.899996758
144,true,false,285,1.979166706,2.899996758,2.899996758
144,true,false,286,1.986111150,2.949996710,2.949996710
144,true,false,287,1.993055595,2.949996710,2.949996710
144,true,true,0,0.000000000,-3.000000000,-3.000000000
144,true,true,1,0.006944444,-3.000000000,-3.000000000
144,true,true,2,0.013888889,-3.000000000,-3.000000000
144,true,true,3,0.020833333,-2.987500191,-2.950000048
144,true,true,4,0.027777778,-2.966666698,-2.950000048
144,true,true,5,0.034722222,-2.945833445,-2.900000095
144,true,true,6,0.041666667,-2.924999952,-2.900000095
144,true,true,7,0.048611112,-2.904166698,-2.900000095
144,true,true,8,0.055555556,-2.883333683,-2.850000143
144,true,true,9,0.062500001,-2.862500191,-2.850000143
144,true,true,10,0.069444445,-2.841666698,-2.800000191
144,true,true,11,0.076388890,-2.820833683,-2.800000191
144,true,true,12,0.083333335,-2.800000191,-2.750000238
144,true,true,13,0.090277779,-2.779166937,-2.750000238
144,true,true,14,0.097222224,-2.758333445,-2.750000238
144,true,true,15,0.104166668,-2.737500191,-2.700000286
144,true,true,16,0.111111113,-2.716666937,-2.700000286
144,true,true,17,0.118055557,-2.695833683,-2.650000334
144,true,true,18,0.125000002,-2.675000191,-2.650000334
144,true,true,19,0.131944447,-2.654166937,-2.650000334
144,true,true,20,0.138888891,-2.633333683,-2.600000381
144,true,true,21,0.145833336,-2.612500429,-2.600000381
144,true,true,22,0.152777780,-2.591666937,-2.550000429
144,true,true,23,0.159722225,-2.570833683,-2.550000429
144,true,true,24,0.166666670,-2.550000429,-2.500000477
144,true,true,25,0.173611114,-2.529167175,-2.500000477
144,true,true,26,0.180555559,-2.508333921,-2.500000477
144,true,true,27,0.187500003,-2.487500429,-2.450000525
144,true,true,28,0.194444448,-2.466667175,-2.450000525
144,true,true,29,0.201388892,-2.445833921,-2.400000572
144,true,true,30,0.208333337,-2.425000429,-2.400000572
144,true,true,31,0.215277782,-2.404167175,-2.400000572
144,true,true,32,0.222222226,-2.383334160,-2.350000620
144,true,true,33,0.229166671,-2.362500668,-2.350000620
144,true,true,34,0.236111115,-2.341667175,-2.300000668
144,true,true,35,0.243055560,-2.320834160,-2.300000668
144,true,true,36,0.250000005,-2.300000668,-2.250000715
144,true,true,37,0.256944449,-2.279167414,-2.250000715
144,true,true,38,0.263888894,-2.258334160,-2.250000715
144,true,true,39,0.270833338,-2.237500668,-2.200000763
144,true,true,40,0.277777783,-2.216667414,-2.200000763
144,true,true,41,0.284722227,-2.195834160,-2.150000811
144,true,true,42,0.291666672,-2.175000668,-2.150000811
144,true,true,43,0.298611117,-2.154167414,-2.150000811
144,true,true,44,0.305555561,-2.133334160,-2.100000858
144,true,true,45,0.312500006,-2.112500906,-2.100000858
144,true,true,46,0.319444450,-2.091667652,-2.050000906
144,true,true,47,0.326388895,-2.070834160,-2.050000906
144,true,true,48,0.333333340,-2.050000906,-2.000000954
144,true,true,49,0.340277784,-2.029167652,-2.000000954
144,true,true,50,0.347222229,-2.008334398,-2.000000954
144,true,true,51,0.354166673,-1.987501025,-1.950001001
144,true,true,52,0.361111118,-1.966667652,-1.950001001
144,true,true,53,0.368055562,-1.945834398,-1.900001049
144,true,true,54,0.375000007,-1.925000906,-1.900001049
144,true,true,55,0.381944452,-1.904167652,-1.900001049
144,true,true,56,0.388888896,-1.883334398,-1.850001097
144,true,true,57,0.395833341,-1.862501025,-1.850001097
144,true,true,58,0.402777785,-1.841667771,-1.800001144
144,true,true,59,0.409722230,-1.820834517,-1.800001144
144,true,true,60,0.416666675,-1.800001144,-1.750001192
144,true,true,61,0.423611119,-1.779167891,-1.750001192
144,true,true,62,0.430555564,-1.758334517,-1.750001192
144,true,true,63,0.437500008,-1.737501144,-1.700001240
144,true,true,64,0.444444453,-1.716667891,-1.700001240
144,true,true,65,0.451388897,-1.695834637,-1.650001287
144,true,true,66,0.458333342,-1.675001144,-1.650001287
144,true,true,67,0.465277787,-1.654168010,-1.650001287
144,true,true,68,0.472222231,-1.633334637,-1.600001335
144,true,true,69,0.479166676,-1.612501383,-1.600001335
144,true,true,70,0.486111120,-1.591668010,-1.550001383
144,true,true,71,0.493055565,-1.570834637,-1.550001383
144,true,true,72,0.500000010,-1.550001383,-1.500001431
144,true,true,73,0.506944454,-1.529168129,-1.500001431
144,true,true,74,0.513888899,-1.508334756,-1.500001431
144,true,true,75,0.520833343,-1.487501502,-1.450001478
144,true,true,76,0.527777788,-1.466668129,-1.450001478
144,true,true,77,0.534722232,-1.445834756,-1.400001526
144,true,true,78,0.541666677,-1.425001383,-1.400001526
144,true,true,79,0.548611122,-1.404168129,-1.400001526
144,true,true,80,0.555555566,-1.383334875,-1.350001574
144,true,true,81,0.562500011,-1.362501621,-1.350001574
144,true,true,82,0.569444455,-1.341668129,-1.300001621
144,true,true,83,0.576388900,-1.320834875,-1.300001621
144,true,true,84,0.583333345,-1.300001621,-1.250001669
144,true,true,85,0.590277789,-1.279168367,-1.250001669
144,true,true,86,0.597222234,-1.258334994,-1.250001669
144,true,true,87,0.604166678,-1.237501621,-1.200001717
144,true,true,88,0.611111123,-1.216668367,-1.200001717
144,true,true,89,0.618055567,-1.195835114,-1.150001764
144,true,true,90,0.625000012,-1.175001621,-1.150001764
144,true,true,91,0.631944457,-1.154168487,-1.150001764
144,true,true,92,0.638888901,-1.133335114,-1.100001812
144,true,true,93,0.645833346,-1.112501860,-1.100001812
144,true,true,94,0.652777790,-1.091668487,-1.050001860
144,true,true,95,0.659722235,-1.070835233,-1.050001860
144,true,true,96,0.666666680,-1.050001860,-1.000001907
144,true,true,97,0.673611124,-1.029168606,-1.000001907
144,true,true,98,0.680555569,-1.008335233,-1.000001907
144,true,true,99,0.687500013,-0.987501919,-0.950001895
144,true,true,100,0.694444458,-0.966668606,-0.950001895
144,true,true,101,0.701388902,-0.945835233,-0.900001884
144,true,true,102,0.708333347,-0.925001860,-0.900001884
144,true,true,103,0.715277792,-0.904168546,-0.900001884
144,true,true,104,0.722222236,-0.883335233,-0.850001872
144,true,true,105,0.729166681,-0.862501860,-0.850001872
144,true,true,106,0.736111125,-0.841668487,-0.800001860
144,true,true,107,0.743055570,-0.820835233,-0.800001860
144,true,true,108,0.750000015,-0.800001860,-0.750001848
144,true,true,109,0.756944459,-0.779168487,-0.750001848
144,true,true,110,0.763888904,-0.758335233,-0.750001848
144,true,true,111,0.770833348,-0.737501860,-0.700001836
144,true,true,112,0.777777793,-0.716668487,-0.700001836
144,true,true,113,0.784722237,-0.695835173,-0.650001824
144,true,true,114,0.791666682,-0.675001800,-0.650001824
144,true,true,115,0.798611127,-0.654168487,-0.650001824
144,true,true,116,0.805555571,-0.633335173,-0.600001812
144,true,true,117,0.812500016,-0.612501800,-0.600001812
144,true,true,118,0.819444460,-0.591668487,-0.550001800
144,true,true,119,0.826388905,-0.570835114,-0.550001800
144,true,true,120,0.833333350,-0.550001800,-0.500001788
144,true,true,121,0.840277794,-0.529168487,-0.500001788
144,true,true,122,0.847222239,-0.508335114,-0.500001788
144,true,true,123,0.854166683,-0.487501800,-0.450001776
144,true,true,124,0.861111128,-0.466668457,-0.450001776
144,true,true,125,0.868055572,-0.445835114,-0.400001764
144,true,true,126,0.875000017,-0.425001740,-0.400001764
144,true,true,127,0.881944462,-0.404168427,-0.400001764
144,true,true,128,0.888888906,-0.383335114,-0.350001752
144,true,true,129,0.895833351,-0.362501740,-0.350001752
144,true,true,130,0.902777795,-0.341668427,-0.300001740
144,true,true,131,0.909722240,-0.320835084,-0.300001740
144,true,true,132,0.916666685,-0.300001740,-0.250001729
144,true,true,133,0.923611129,-0.279168397,-0.250001729
144,true,true,134,0.930555574,-0.258335054,-0.250001729
144,true,true,135,0.937500018,-0.237501740,-0.200001717
144,true,true,136,0.944444463,-0.216668397,-0.200001717
144,true,true,137,0.951388907,-0.195835054,-0.150001705
144,true,true,138,0.958333352,-0.175001711,-0.150001705
144,true,true,139,0.965277797,-0.154168367,-0.150001705
144,true,true,140,0.972222241,-0.133335039,-0.100001700
144,true,true,141,0.979166686,-0.112501703,-0.100001700
144,true,true,142,0.986111130,-0.091668367,-0.050001696
144,true,true,143,0.993055575,-0.070835032,-0.050001696
144,true,true,144,1.000000020,-0.050001696,-0.000001691
144,true,true,145,1.006944464,-0.029168362,-0.000001691
144,true,true,146,1.013888909,-0.008335026,-0.000001691
144,true,true,147,1.020833353,0.012498308,0.049998313
144,true,true,148,1.027777798,0.033331644,0.049998313
144,true,true,149,1.034722242,0.054164980,0.099998318
144,true,true,150,1.041666687,0.074998312,0.099998318
144,true,true,151,1.048611132,0.095831655,0.099998318
144,true,true,152,1.055555576,0.116664991,0.149998322
144,true,true,153,1.062500021,0.137498319,0.149998322
144,true,true,154,1.069444465,0.158331648,0.199998319
144,true,true,155,1.076388910,0.179164991,0.199998319
144,true,true,156,1.083333355,0.199998319,0.249998331
144,true,true,157,1.090277799,0.220831662,0.249998331
144,true,true,158,1.097222244,0.241665006,0.249998331
144,true,true,159,1.104166688,0.262498319,0.299998343
144,true,true,160,1.111111133,0.283331662,0.299998343
144,true,true,161,1.118055577,0.304165035,0.349998355
144,true,true,162,1.125000022,0.324998319,0.349998355
144,true,true,163,1.131944467,0.345831692,0.349998355
144,true,true,164,1.138888911,0.366665035,0.399998367
144,true,true,165,1.145833356,0.387498349,0.399998367
144,true,true,166,1.152777800,0.408331692,0.449998379
144,true,true,167,1.159722245,0.429165035,0.449998379
144,true,true,168,1.166666690,0.449998379,0.499998391
144,true,true,169,1.173611134,0.470831692,0.499998391
144,true,true,170,1.180555579,0.491665065,0.499998391
144,true,true,171,1.187500023,0.512498379,0.549998403
144,true,true,172,1.194444468,0.533331752,0.549998403
144,true,true,173,1.201388912,0.554165065,0.599998415
144,true,true,174,1.208333357,0.574998379,0.599998415
144,true,true,175,1.215277802,0.595831752,0.599998415
144,true,true,176,1.222222246,0.616665125,0.649998426
144,true,true,177,1.229166691,0.637498438,0.649998426
144,true,true,178,1.236111135,0.658331752,0.699998438
144,true,true,179,1.243055580,0.679165125,0.699998438
144,true,true,180,1.250000025,0.699998438,0.749998450
144,true,true,181,1.256944469,0.720831752,0.749998450
144,true,true,182,1.263888914,0.741665125,0.749998450
144,true,true,183,1.270833358,0.762498438,0.799998462
144,true,true,184,1.277777803,0.783331811,0.799998462
144,true,true,185,1.284722247,0.804165125,0.849998474
144,true,true,186,1.291666692,0.824998438,0.849998474
144,true,true,187,1.298611137,0.845831811,0.849998474
144,true,true,188,1.305555581,0.866665125,0.899998486
144,true,true,189,1.312500026,0.887498498,0.899998486
144,true,true,190,1.319444470,0.908331752,0.949998498
144,true,true,191,1.326388915,0.929165125,0.949998498
144,true,true,192,1.333333360,0.949998498,0.999998510
144,true,true,193,1.340277804,0.970831871,0.999998510
144,true,true,194,1.347222249,0.991665184,0.999998510
144,true,true,195,1.354166693,1.012498498,1.049998522
144,true,true,196,1.361111138,1.033331871,1.049998522
144,true,true,197,1.368055582,1.054165244,1.099998474
144,true,true,198,1.375000027,1.074998379,1.099998474
144,true,true,199,1.381944472,1.095831871,1.099998474
144,true,true,200,1.388888916,1.116665125,1.149998426
144,true,true,201,1.395833361,1.137498379,1.149998426
144,true,true,202,1.402777805,1.158331752,1.199998379
144,true,true,203,1.409722250,1.179165125,1.199998379
144,true,true,204,1.416666695,1.199998379,1.249998331
144,true,true,205,1.423611139,1.220831633,1.249998331
144,true,true,206,1.430555584,1.241664886,1.249998331
144,true,true,207,1.437500028,1.262498379,1.299998283
144,true,true,208,1.444444473,1.283331633,1.299998283
144,true,true,209,1.451388917,1.304164886,1.349998236
144,true,true,210,1.458333362,1.324998140,1.349998236
144,true,true,211,1.465277807,1.345831513,1.349998236
144,true,true,212,1.472222251,1.366664886,1.399998188
144,true,true,213,1.479166696,1.387498140,1.399998188
144,true,true,214,1.486111140,1.408331513,1.449998140
144,true,true,215,1.493055585,1.429164886,1.449998140
144,true,true,216,1.500000030,1.449998140,1.499998093
144,true,true,217,1.506944474,1.470831394,1.499998093
144,true,true,218,1.513888919,1.491664767,1.499998093
144,true,true,219,1.520833363,1.512498140,1.549998045
144,true,true,220,1.527777808,1.533331394,1.549998045
144,true,true,221,1.534722252,1.554164767,1.599997997
144,true,true,222,1.541666697,1.574997902,1.599997997
144,true,true,223,1.548611142,1.595831394,1.599997997
144,true,true,224,1.555555586,1.616664648,1.649997950
144,true,true,225,1.562500031,1.637498021,1.649997950
144,true,true,226,1.569444475,1.658331156,1.699997902
144,true,true,227,1.576388920,1.679164648,1.699997902
144,true,true,228,1.583333365,1.699997902,1.749997854
144,true,true,229,1.590277809,1.720831156,1.749997854
144,true,true,230,1.597222254,1.741664410,1.749997854
144,true,true,231,1.604166698,1.762497783,1.799997807
144,true,true,232,1.611111143,1.783331156,1.799997807
144,true,true,233,1.618055587,1.804164529,1.849997759
144,true,true,234,1.625000032,1.824997663,1.849997759
144,true,true,235,1.631944477,1.845831037,1.849997759
144,true,true,236,1.638888921,1.866664529,1.899997711
144,true,true,237,1.645833366,1.887497663,1.899997711
144,true,true,238,1.652777810,1.908330917,1.949997663
144,true,true,239,1.659722255,1.929164410,1.949997663
144,true,true,240,1.666666700,1.949997663,1.999997616
144,true,true,241,1.673611144,1.970830917,1.999997616
144,true,true,242,1.680555589,1.991664290,1.999997616
144,true,true,243,1.687500033,2.012497663,2.049997568
144,true,true,244,1.694444478,2.033330917,2.049997568
144,true,true,245,1.701388922,2.054164171,2.099997520
144,true,true,246,1.708333367,2.074997425,2.099997520
144,true,true,247,1.715277812,2.095830917,2.099997520
144,true,true,248,1.722222256,2.116664410,2.149997473
144,true,true,249,1.729166701,2.137497425,2.149997473
144,true,true,250,1.736111145,2.158330679,2.199997425
144,true,true,251,1.743055590,2.179163933,2.199997425
144,true,true,252,1.750000035,2.199997425,2.249997377
144,true,true,253,1.756944479,2.220830679,2.249997377
144,true,true,254,1.763888924,2.241663933,2.249997377
144,true,true,255,1.770833368,2.262497425,2.299997330
144,true,true,256,1.777777813,2.283330679,2.299997330
144,true,true,257,1.784722257,2.304163933,2.349997282
144,true,true,258,1.791666702,2.324997187,2.349997282
144,true,true,259,1.798611147,2.345830679,2.349997282
144,true,true,260,1.805555591,2.366663933,2.399997234
144,true,true,261,1.812500036,2.387497187,2.399997234
144,true,true,262,1.819444480,2.408330441,2.449997187
144,true,true,263,1.826388925,2.429163933,2.449997187
144,true,true,264,1.833333370,2.449997187,2.499997139
144,true,true,265,1.840277814,2.470830441,2.499997139
144,true,true,266,1.847222259,2.491663694,2.499997139
144,true,true,267,1.854166703,2.512497187,2.549997091
144,true,true,268,1.861111148,2.533330441,2.549997091
144,true,true,269,1.868055592,2.554163694,2.599997044
144,true,true,270,1.875000037,2.574996948,2.599997044
144,true,true,271,1.881944482,2.595830202,2.599997044
144,true,true,272,1.888888926,2.616663694,2.649996996
144,true,true,273,1.895833371,2.637496948,2.649996996
144,true,true,274,1.902777815,2.658330202,2.699996948
144,true,true,275,1.909722260,2.679163456,2.699996948
144,true,true,276,1.916666705,2.699996948,2.749996901
144,true,true,277,1.923611149,2.720830441,2.749996901
144,true,true,278,1.930555594,2.741663694,2.749996901
144,true,true,279,1.937500038,2.762496948,2.799996853
144,true,true,280,1.944444483,2.783330202,2.799996853
144,true,true,281,1.951388927,2.804163456,2.849996805
144,true,true,282,1.958333372,2.824996710,2.849996805
144,true,true,283,1.965277817,2.845830202,2.849996805
144,true,true,284,1.972222261,2.866663456,2.899996758
144,true,true,285,1.979166706,2.887496710,2.899996758
144,true,true,286,1.986111150,2.908329964,2.949996710
144,true,true,287,1.993055595,2.929163456,2.949996710
